"psi","forces:0","forces:1","forces:2","vort","mu","rho","temperature","pressure","velocity:0","velocity:1","velocity:2","ALE_velocity:0","ALE_velocity:1","ALE_velocity:2","vtkValidPointMask","arc_length","Points:0","Points:1","Points:2"
0,0,0,0,2.3024,0,0,0.0001037,0,2.7513,0,0,0,0,0,1,0,5,0,0
0.0036104,0,0,0,2.3019,0,0,0.00010334,0,2.7484,2.7713e-05,0,0,0,0,1,0.0013609,5,0.0013609,0
0.0072209,0,0,0,2.3014,0,0,0.00010298,0,2.7455,5.5425e-05,0,0,0,0,1,0.0027218,5,0.0027218,0
0.010831,0,0,0,2.3009,0,0,0.00010262,0,2.7426,8.3138e-05,0,0,0,0,1,0.0040827,5,0.0040827,0
0.014442,0,0,0,2.3004,0,0,0.00010226,0,2.7397,0.00011085,0,0,0,0,1,0.0054436,5,0.0054436,0
0.018052,0,0,0,2.2999,0,0,0.0001019,0,2.7367,0.00013856,0,0,0,0,1,0.0068045,5,0.0068045,0
0.021663,0,0,0,2.2993,0,0,0.00010154,0,2.7338,0.00016628,0,0,0,0,1,0.0081654,5,0.0081654,0
0.025273,0,0,0,2.2988,0,0,0.00010118,0,2.7309,0.00019399,0,0,0,0,1,0.0095263,5,0.0095263,0
0.028883,0,0,0,2.2983,0,0,0.00010082,0,2.728,0.0002217,0,0,0,0,1,0.010887,5,0.010887,0
0.032494,0,0,0,2.2978,0,0,0.00010046,0,2.7251,0.00024941,0,0,0,0,1,0.012248,5,0.012248,0
0.036104,0,0,0,2.2973,0,0,0.00010011,0,2.7222,0.00027713,0,0,0,0,1,0.013609,5,0.013609,0
0.039715,0,0,0,2.2968,0,0,9.9746e-05,0,2.7193,0.00030484,0,0,0,0,1,0.01497,5,0.01497,0
0.043325,0,0,0,2.2963,0,0,9.9387e-05,0,2.7163,0.00033255,0,0,0,0,1,0.016331,5,0.016331,0
0.046936,0,0,0,2.2958,0,0,9.9028e-05,0,2.7134,0.00036026,0,0,0,0,1,0.017692,5,0.017692,0
0.050546,0,0,0,2.2953,0,0,9.8669e-05,0,2.7105,0.00038798,0,0,0,0,1,0.019053,5,0.019053,0
0.054156,0,0,0,2.2948,0,0,9.8309e-05,0,2.7076,0.00041569,0,0,0,0,1,0.020413,5,0.020413,0
0.057767,0,0,0,2.2942,0,0,9.795e-05,0,2.7047,0.0004434,0,0,0,0,1,0.021774,5,0.021774,0
0.061377,0,0,0,2.2937,0,0,9.7591e-05,0,2.7018,0.00047112,0,0,0,0,1,0.023135,5,0.023135,0
0.064988,0,0,0,2.2932,0,0,9.7231e-05,0,2.6989,0.00049883,0,0,0,0,1,0.024496,5,0.024496,0
0.068598,0,0,0,2.2927,0,0,9.6872e-05,0,2.696,0.00052654,0,0,0,0,1,0.025857,5,0.025857,0
0.072209,0,0,0,2.2922,0,0,9.6513e-05,0,2.693,0.00055425,0,0,0,0,1,0.027218,5,0.027218,0
0.075819,0,0,0,2.2917,0,0,9.6153e-05,0,2.6901,0.00058197,0,0,0,0,1,0.028579,5,0.028579,0
0.07943,0,0,0,2.2912,0,0,9.5794e-05,0,2.6872,0.00060968,0,0,0,0,1,0.02994,5,0.02994,0
0.08304,0,0,0,2.2907,0,0,9.5435e-05,0,2.6843,0.00063739,0,0,0,0,1,0.031301,5,0.031301,0
0.08665,0,0,0,2.2902,0,0,9.5076e-05,0,2.6814,0.0006651,0,0,0,0,1,0.032662,5,0.032662,0
0.090261,0,0,0,2.2897,0,0,9.4716e-05,0,2.6785,0.00069282,0,0,0,0,1,0.034022,5,0.034022,0
0.093871,0,0,0,2.2892,0,0,9.4357e-05,0,2.6756,0.00072053,0,0,0,0,1,0.035383,5,0.035383,0
0.097482,0,0,0,2.2886,0,0,9.3998e-05,0,2.6726,0.00074824,0,0,0,0,1,0.036744,5,0.036744,0
0.10109,0,0,0,2.2881,0,0,9.3638e-05,0,2.6697,0.00077595,0,0,0,0,1,0.038105,5,0.038105,0
0.1047,0,0,0,2.2876,0,0,9.3279e-05,0,2.6668,0.00080367,0,0,0,0,1,0.039466,5,0.039466,0
0.10831,0,0,0,2.2871,0,0,9.292e-05,0,2.6639,0.00083138,0,0,0,0,1,0.040827,5,0.040827,0
0.11192,0,0,0,2.2866,0,0,9.2561e-05,0,2.661,0.00085909,0,0,0,0,1,0.042188,5,0.042188,0
0.11553,0,0,0,2.2861,0,0,9.2201e-05,0,2.6581,0.00088681,0,0,0,0,1,0.043549,5,0.043549,0
0.11914,0,0,0,2.2856,0,0,9.1842e-05,0,2.6552,0.00091452,0,0,0,0,1,0.04491,5,0.04491,0
0.12275,0,0,0,2.2851,0,0,9.1483e-05,0,2.6523,0.00094223,0,0,0,0,1,0.046271,5,0.046271,0
0.12637,0,0,0,2.2846,0,0,9.1123e-05,0,2.6493,0.00096994,0,0,0,0,1,0.047631,5,0.047631,0
0.12998,0,0,0,2.2841,0,0,9.0764e-05,0,2.6464,0.00099766,0,0,0,0,1,0.048992,5,0.048992,0
0.13359,0,0,0,2.2835,0,0,9.0405e-05,0,2.6435,0.0010254,0,0,0,0,1,0.050353,5,0.050353,0
0.1372,0,0,0,2.283,0,0,9.0046e-05,0,2.6406,0.0010531,0,0,0,0,1,0.051714,5,0.051714,0
0.14081,0,0,0,2.2825,0,0,8.9686e-05,0,2.6377,0.0010808,0,0,0,0,1,0.053075,5,0.053075,0
0.14442,0,0,0,2.282,0,0,8.9327e-05,0,2.6348,0.0011085,0,0,0,0,1,0.054436,5,0.054436,0
0.14803,0,0,0,2.2815,0,0,8.8968e-05,0,2.6319,0.0011362,0,0,0,0,1,0.055797,5,0.055797,0
0.15164,0,0,0,2.281,0,0,8.8608e-05,0,2.6289,0.0011639,0,0,0,0,1,0.057158,5,0.057158,0
0.15525,0,0,0,2.2805,0,0,8.8249e-05,0,2.626,0.0011916,0,0,0,0,1,0.058519,5,0.058519,0
0.15886,0,0,0,2.28,0,0,8.789e-05,0,2.6231,0.0012194,0,0,0,0,1,0.05988,5,0.05988,0
0.16247,0,0,0,2.2795,0,0,8.7531e-05,0,2.6202,0.0012471,0,0,0,0,1,0.061241,5,0.061241,0
0.16608,0,0,0,2.279,0,0,8.7171e-05,0,2.6173,0.0012748,0,0,0,0,1,0.062601,5,0.062601,0
0.16969,0,0,0,2.2785,0,0,8.6812e-05,0,2.6144,0.0013025,0,0,0,0,1,0.063962,5,0.063962,0
0.1733,0,0,0,2.2779,0,0,8.6453e-05,0,2.6115,0.0013302,0,0,0,0,1,0.065323,5,0.065323,0
0.17691,0,0,0,2.2774,0,0,8.6093e-05,0,2.6086,0.0013579,0,0,0,0,1,0.066684,5,0.066684,0
0.18052,0,0,0,2.2769,0,0,8.5734e-05,0,2.6056,0.0013856,0,0,0,0,1,0.068045,5,0.068045,0
0.18413,0,0,0,2.2764,0,0,8.5375e-05,0,2.6027,0.0014133,0,0,0,0,1,0.069406,5,0.069406,0
0.18774,0,0,0,2.2759,0,0,8.5016e-05,0,2.5998,0.0014411,0,0,0,0,1,0.070767,5,0.070767,0
0.19135,0,0,0,2.2754,0,0,8.4656e-05,0,2.5969,0.0014688,0,0,0,0,1,0.072128,5,0.072128,0
0.19496,0,0,0,2.2749,0,0,8.4297e-05,0,2.594,0.0014965,0,0,0,0,1,0.073489,5,0.073489,0
0.19857,0,0,0,2.2744,0,0,8.3938e-05,0,2.5911,0.0015242,0,0,0,0,1,0.07485,5,0.07485,0
0.20218,0,0,0,2.2739,0,0,8.3578e-05,0,2.5882,0.0015519,0,0,0,0,1,0.07621,5,0.07621,0
0.20579,0,0,0,2.2734,0,0,8.3219e-05,0,2.5852,0.0015796,0,0,0,0,1,0.077571,5,0.077571,0
0.20941,0,0,0,2.2729,0,0,8.286e-05,0,2.5823,0.0016073,0,0,0,0,1,0.078932,5,0.078932,0
0.21302,0,0,0,2.2723,0,0,8.25e-05,0,2.5794,0.001635,0,0,0,0,1,0.080293,5,0.080293,0
0.21663,0,0,0,2.2718,0,0,8.2141e-05,0,2.5765,0.0016628,0,0,0,0,1,0.081654,5,0.081654,0
0.22024,0,0,0,2.2713,0,0,8.1782e-05,0,2.5736,0.0016905,0,0,0,0,1,0.083015,5,0.083015,0
0.22385,0,0,0,2.2708,0,0,8.1423e-05,0,2.5707,0.0017182,0,0,0,0,1,0.084376,5,0.084376,0
0.22746,0,0,0,2.2703,0,0,8.1063e-05,0,2.5678,0.0017459,0,0,0,0,1,0.085737,5,0.085737,0
0.23107,0,0,0,2.2698,0,0,8.0704e-05,0,2.5649,0.0017736,0,0,0,0,1,0.087098,5,0.087098,0
0.23468,0,0,0,2.2693,0,0,8.0345e-05,0,2.5619,0.0018013,0,0,0,0,1,0.088459,5,0.088459,0
0.23829,0,0,0,2.2688,0,0,7.9985e-05,0,2.559,0.001829,0,0,0,0,1,0.089819,5,0.089819,0
0.24188,0,0,0,2.2695,0,0,7.9497e-05,0,2.5561,0.0018667,0,0,0,0,1,0.09118,5,0.09118,0
0.24524,0,0,0,2.283,0,0,7.7717e-05,0,2.5525,0.0020035,0,0,0,0,1,0.092541,5,0.092541,0
0.2486,0,0,0,2.2965,0,0,7.5937e-05,0,2.549,0.0021404,0,0,0,0,1,0.093902,5,0.093902,0
0.25196,0,0,0,2.3099,0,0,7.4157e-05,0,2.5454,0.0022773,0,0,0,0,1,0.095263,5,0.095263,0
0.25533,0,0,0,2.3234,0,0,7.2377e-05,0,2.5419,0.0024142,0,0,0,0,1,0.096624,5,0.096624,0
0.25869,0,0,0,2.3369,0,0,7.0596e-05,0,2.5383,0.0025511,0,0,0,0,1,0.097985,5,0.097985,0
0.26205,0,0,0,2.3504,0,0,6.8816e-05,0,2.5348,0.0026879,0,0,0,0,1,0.099346,5,0.099346,0
0.26541,0,0,0,2.3638,0,0,6.7036e-05,0,2.5313,0.0028248,0,0,0,0,1,0.10071,5,0.10071,0
0.26877,0,0,0,2.3773,0,0,6.5256e-05,0,2.5277,0.0029617,0,0,0,0,1,0.10207,5,0.10207,0
0.27214,0,0,0,2.3908,0,0,6.3476e-05,0,2.5242,0.0030986,0,0,0,0,1,0.10343,5,0.10343,0
0.2755,0,0,0,2.4042,0,0,6.1696e-05,0,2.5206,0.0032355,0,0,0,0,1,0.10479,5,0.10479,0
0.27886,0,0,0,2.4177,0,0,5.9916e-05,0,2.5171,0.0033724,0,0,0,0,1,0.10615,5,0.10615,0
0.28222,0,0,0,2.4312,0,0,5.8135e-05,0,2.5136,0.0035092,0,0,0,0,1,0.10751,5,0.10751,0
0.28559,0,0,0,2.4447,0,0,5.6355e-05,0,2.51,0.0036461,0,0,0,0,1,0.10887,5,0.10887,0
0.28895,0,0,0,2.4581,0,0,5.4575e-05,0,2.5065,0.003783,0,0,0,0,1,0.11023,5,0.11023,0
0.29231,0,0,0,2.4716,0,0,5.2795e-05,0,2.5029,0.0039199,0,0,0,0,1,0.11159,5,0.11159,0
0.29567,0,0,0,2.4851,0,0,5.1015e-05,0,2.4994,0.0040568,0,0,0,0,1,0.11295,5,0.11295,0
0.29904,0,0,0,2.4985,0,0,4.9235e-05,0,2.4959,0.0041936,0,0,0,0,1,0.11432,5,0.11432,0
0.3024,0,0,0,2.512,0,0,4.7455e-05,0,2.4923,0.0043305,0,0,0,0,1,0.11568,5,0.11568,0
0.30576,0,0,0,2.5255,0,0,4.5674e-05,0,2.4888,0.0044674,0,0,0,0,1,0.11704,5,0.11704,0
0.30912,0,0,0,2.5389,0,0,4.3894e-05,0,2.4852,0.0046043,0,0,0,0,1,0.1184,5,0.1184,0
0.31248,0,0,0,2.5524,0,0,4.2114e-05,0,2.4817,0.0047412,0,0,0,0,1,0.11976,5,0.11976,0
0.31585,0,0,0,2.5659,0,0,4.0334e-05,0,2.4781,0.004878,0,0,0,0,1,0.12112,5,0.12112,0
0.31921,0,0,0,2.5794,0,0,3.8554e-05,0,2.4746,0.0050149,0,0,0,0,1,0.12248,5,0.12248,0
0.32257,0,0,0,2.5928,0,0,3.6774e-05,0,2.4711,0.0051518,0,0,0,0,1,0.12384,5,0.12384,0
0.32593,0,0,0,2.6063,0,0,3.4994e-05,0,2.4675,0.0052887,0,0,0,0,1,0.1252,5,0.1252,0
0.3293,0,0,0,2.6198,0,0,3.3213e-05,0,2.464,0.0054256,0,0,0,0,1,0.12656,5,0.12656,0
0.33266,0,0,0,2.6332,0,0,3.1433e-05,0,2.4604,0.0055625,0,0,0,0,1,0.12792,5,0.12792,0
0.33602,0,0,0,2.6467,0,0,2.9653e-05,0,2.4569,0.0056993,0,0,0,0,1,0.12929,5,0.12929,0
0.33938,0,0,0,2.6602,0,0,2.7873e-05,0,2.4534,0.0058362,0,0,0,0,1,0.13065,5,0.13065,0
0.34274,0,0,0,2.6737,0,0,2.6093e-05,0,2.4498,0.0059731,0,0,0,0,1,0.13201,5,0.13201,0
0.34611,0,0,0,2.6871,0,0,2.4313e-05,0,2.4463,0.00611,0,0,0,0,1,0.13337,5,0.13337,0
0.34947,0,0,0,2.7006,0,0,2.2533e-05,0,2.4427,0.0062469,0,0,0,0,1,0.13473,5,0.13473,0
0.35283,0,0,0,2.7141,0,0,2.0752e-05,0,2.4392,0.0063837,0,0,0,0,1,0.13609,5,0.13609,0
0.35619,0,0,0,2.7275,0,0,1.8972e-05,0,2.4356,0.0065206,0,0,0,0,1,0.13745,5,0.13745,0
0.35956,0,0,0,2.741,0,0,1.7192e-05,0,2.4321,0.0066575,0,0,0,0,1,0.13881,5,0.13881,0
0.36292,0,0,0,2.7545,0,0,1.5412e-05,0,2.4286,0.0067944,0,0,0,0,1,0.14017,5,0.14017,0
0.36628,0,0,0,2.7679,0,0,1.3632e-05,0,2.425,0.0069313,0,0,0,0,1,0.14153,5,0.14153,0
0.36964,0,0,0,2.7814,0,0,1.1852e-05,0,2.4215,0.0070681,0,0,0,0,1,0.14289,5,0.14289,0
0.37301,0,0,0,2.7949,0,0,1.0072e-05,0,2.4179,0.007205,0,0,0,0,1,0.14426,5,0.14426,0
0.37635,0,0,0,2.8096,0,0,8.6105e-06,0,2.4143,0.0073681,0,0,0,0,1,0.14562,5,0.14562,0
0.37968,0,0,0,2.825,0,0,7.3322e-06,0,2.4107,0.0075462,0,0,0,0,1,0.14698,5,0.14698,0
0.38301,0,0,0,2.8404,0,0,6.0538e-06,0,2.407,0.0077244,0,0,0,0,1,0.14834,5,0.14834,0
0.38634,0,0,0,2.8557,0,0,4.7754e-06,0,2.4034,0.0079025,0,0,0,0,1,0.1497,5,0.1497,0
0.38967,0,0,0,2.8711,0,0,3.497e-06,0,2.3998,0.0080806,0,0,0,0,1,0.15106,5,0.15106,0
0.39301,0,0,0,2.8865,0,0,2.2186e-06,0,2.3961,0.0082587,0,0,0,0,1,0.15242,5,0.15242,0
0.39634,0,0,0,2.9019,0,0,9.4024e-07,0,2.3925,0.0084368,0,0,0,0,1,0.15378,5,0.15378,0
0.39967,0,0,0,2.9173,0,0,-3.3815e-07,0,2.3888,0.0086149,0,0,0,0,1,0.15514,5,0.15514,0
0.403,0,0,0,2.9327,0,0,-1.6165e-06,0,2.3852,0.008793,0,0,0,0,1,0.1565,5,0.1565,0
0.40633,0,0,0,2.9481,0,0,-2.8949e-06,0,2.3816,0.0089712,0,0,0,0,1,0.15786,5,0.15786,0
0.40966,0,0,0,2.9635,0,0,-4.1733e-06,0,2.3779,0.0091493,0,0,0,0,1,0.15923,5,0.15923,0
0.41296,0,0,0,2.9796,0,0,-5.0945e-06,0,2.3741,0.0093321,0,0,0,0,1,0.16059,5,0.16059,0
0.41604,0,0,0,2.9998,0,0,-4.0443e-06,0,2.3693,0.0095412,0,0,0,0,1,0.16195,5,0.16195,0
0.41912,0,0,0,3.0201,0,0,-2.9942e-06,0,2.3646,0.0097502,0,0,0,0,1,0.16331,5,0.16331,0
0.42221,0,0,0,3.0403,0,0,-1.944e-06,0,2.3598,0.0099593,0,0,0,0,1,0.16467,5,0.16467,0
0.42529,0,0,0,3.0605,0,0,-8.9384e-07,0,2.3551,0.010168,0,0,0,0,1,0.16603,5,0.16603,0
0.42838,0,0,0,3.0808,0,0,1.5633e-07,0,2.3503,0.010377,0,0,0,0,1,0.16739,5,0.16739,0
0.43146,0,0,0,3.101,0,0,1.2065e-06,0,2.3455,0.010586,0,0,0,0,1,0.16875,5,0.16875,0
0.43454,0,0,0,3.1213,0,0,2.2567e-06,0,2.3408,0.010795,0,0,0,0,1,0.17011,5,0.17011,0
0.43763,0,0,0,3.1415,0,0,3.3068e-06,0,2.336,0.011005,0,0,0,0,1,0.17147,5,0.17147,0
0.44071,0,0,0,3.1617,0,0,4.357e-06,0,2.3313,0.011214,0,0,0,0,1,0.17283,5,0.17283,0
0.4438,0,0,0,3.182,0,0,5.4071e-06,0,2.3265,0.011423,0,0,0,0,1,0.1742,5,0.1742,0
0.44688,0,0,0,3.2022,0,0,6.4573e-06,0,2.3218,0.011632,0,0,0,0,1,0.17556,5,0.17556,0
0.44996,0,0,0,3.2224,0,0,7.5075e-06,0,2.317,0.011841,0,0,0,0,1,0.17692,5,0.17692,0
0.45305,0,0,0,3.2427,0,0,8.5576e-06,0,2.3122,0.01205,0,0,0,0,1,0.17828,5,0.17828,0
0.45613,0,0,0,3.2629,0,0,9.6078e-06,0,2.3075,0.012259,0,0,0,0,1,0.17964,5,0.17964,0
0.45922,0,0,0,3.2832,0,0,1.0658e-05,0,2.3027,0.012468,0,0,0,0,1,0.181,5,0.181,0
0.4623,0,0,0,3.3034,0,0,1.1708e-05,0,2.298,0.012677,0,0,0,0,1,0.18236,5,0.18236,0
0.46538,0,0,0,3.3236,0,0,1.2758e-05,0,2.2932,0.012886,0,0,0,0,1,0.18372,5,0.18372,0
0.46847,0,0,0,3.3439,0,0,1.3808e-05,0,2.2884,0.013095,0,0,0,0,1,0.18508,5,0.18508,0
0.47155,0,0,0,3.3641,0,0,1.4859e-05,0,2.2837,0.013304,0,0,0,0,1,0.18644,5,0.18644,0
0.47464,0,0,0,3.3843,0,0,1.5909e-05,0,2.2789,0.013513,0,0,0,0,1,0.1878,5,0.1878,0
0.47773,0,0,0,3.4042,0,0,1.6865e-05,0,2.2742,0.013706,0,0,0,0,1,0.18917,5,0.18917,0
0.48084,0,0,0,3.4239,0,0,1.7809e-05,0,2.2696,0.013897,0,0,0,0,1,0.19053,5,0.19053,0
0.48394,0,0,0,3.4437,0,0,1.8753e-05,0,2.2649,0.014089,0,0,0,0,1,0.19189,5,0.19189,0
0.48704,0,0,0,3.4635,0,0,1.9697e-05,0,2.2602,0.01428,0,0,0,0,1,0.19325,5,0.19325,0
0.49014,0,0,0,3.4833,0,0,2.0641e-05,0,2.2555,0.014471,0,0,0,0,1,0.19461,5,0.19461,0
0.49324,0,0,0,3.5031,0,0,2.1585e-05,0,2.2509,0.014662,0,0,0,0,1,0.19597,5,0.19597,0
0.49634,0,0,0,3.5228,0,0,2.2529e-05,0,2.2462,0.014853,0,0,0,0,1,0.19733,5,0.19733,0
0.49944,0,0,0,3.5426,0,0,2.3473e-05,0,2.2415,0.015044,0,0,0,0,1,0.19869,5,0.19869,0
0.50254,0,0,0,3.5624,0,0,2.4417e-05,0,2.2368,0.015235,0,0,0,0,1,0.20005,5,0.20005,0
0.50564,0,0,0,3.5822,0,0,2.536e-05,0,2.2322,0.015426,0,0,0,0,1,0.20141,5,0.20141,0
0.50875,0,0,0,3.602,0,0,2.6304e-05,0,2.2275,0.015617,0,0,0,0,1,0.20277,5,0.20277,0
0.51185,0,0,0,3.6217,0,0,2.7248e-05,0,2.2228,0.015809,0,0,0,0,1,0.20414,5,0.20414,0
0.51495,0,0,0,3.6415,0,0,2.8192e-05,0,2.2181,0.016,0,0,0,0,1,0.2055,5,0.2055,0
0.51805,0,0,0,3.6613,0,0,2.9136e-05,0,2.2135,0.016191,0,0,0,0,1,0.20686,5,0.20686,0
0.52115,0,0,0,3.6811,0,0,3.008e-05,0,2.2088,0.016382,0,0,0,0,1,0.20822,5,0.20822,0
0.52425,0,0,0,3.7008,0,0,3.1024e-05,0,2.2041,0.016573,0,0,0,0,1,0.20958,5,0.20958,0
0.52735,0,0,0,3.7206,0,0,3.1968e-05,0,2.1994,0.016764,0,0,0,0,1,0.21094,5,0.21094,0
0.53045,0,0,0,3.7404,0,0,3.2912e-05,0,2.1948,0.016955,0,0,0,0,1,0.2123,5,0.2123,0
0.53355,0,0,0,3.7602,0,0,3.3856e-05,0,2.1901,0.017146,0,0,0,0,1,0.21366,5,0.21366,0
0.53666,0,0,0,3.78,0,0,3.48e-05,0,2.1854,0.017337,0,0,0,0,1,0.21502,5,0.21502,0
0.53976,0,0,0,3.7997,0,0,3.5744e-05,0,2.1807,0.017528,0,0,0,0,1,0.21638,5,0.21638,0
0.54286,0,0,0,3.8195,0,0,3.6687e-05,0,2.1761,0.01772,0,0,0,0,1,0.21774,5,0.21774,0
0.54596,0,0,0,3.8393,0,0,3.7631e-05,0,2.1714,0.017911,0,0,0,0,1,0.2191,5,0.2191,0
0.54899,0,0,0,3.8592,0,0,3.8876e-05,0,2.1664,0.018104,0,0,0,0,1,0.22047,5,0.22047,0
0.55177,0,0,0,3.8795,0,0,4.1119e-05,0,2.1605,0.018306,0,0,0,0,1,0.22183,5,0.22183,0
0.55456,0,0,0,3.8998,0,0,4.3362e-05,0,2.1545,0.018508,0,0,0,0,1,0.22319,5,0.22319,0
0.55734,0,0,0,3.9201,0,0,4.5605e-05,0,2.1486,0.01871,0,0,0,0,1,0.22455,5,0.22455,0
0.56013,0,0,0,3.9404,0,0,4.7848e-05,0,2.1427,0.018911,0,0,0,0,1,0.22591,5,0.22591,0
0.56291,0,0,0,3.9607,0,0,5.0091e-05,0,2.1367,0.019113,0,0,0,0,1,0.22727,5,0.22727,0
0.5657,0,0,0,3.981,0,0,5.2334e-05,0,2.1308,0.019315,0,0,0,0,1,0.22863,5,0.22863,0
0.56848,0,0,0,4.0013,0,0,5.4577e-05,0,2.1248,0.019517,0,0,0,0,1,0.22999,5,0.22999,0
0.57127,0,0,0,4.0216,0,0,5.682e-05,0,2.1189,0.019719,0,0,0,0,1,0.23135,5,0.23135,0
0.57405,0,0,0,4.0419,0,0,5.9063e-05,0,2.113,0.01992,0,0,0,0,1,0.23271,5,0.23271,0
0.57684,0,0,0,4.0623,0,0,6.1306e-05,0,2.107,0.020122,0,0,0,0,1,0.23407,5,0.23407,0
0.57962,0,0,0,4.0826,0,0,6.3549e-05,0,2.1011,0.020324,0,0,0,0,1,0.23544,5,0.23544,0
0.5824,0,0,0,4.1029,0,0,6.5792e-05,0,2.0951,0.020526,0,0,0,0,1,0.2368,5,0.2368,0
0.58519,0,0,0,4.1232,0,0,6.8035e-05,0,2.0892,0.020728,0,0,0,0,1,0.23816,5,0.23816,0
0.58797,0,0,0,4.1435,0,0,7.0278e-05,0,2.0833,0.020929,0,0,0,0,1,0.23952,5,0.23952,0
0.59076,0,0,0,4.1639,0,0,7.2543e-05,0,2.0773,0.021134,0,0,0,0,1,0.24088,5,0.24088,0
0.59354,0,0,0,4.1847,0,0,7.4944e-05,0,2.0713,0.021355,0,0,0,0,1,0.24224,5,0.24224,0
0.59632,0,0,0,4.2056,0,0,7.7344e-05,0,2.0653,0.021576,0,0,0,0,1,0.2436,5,0.2436,0
0.59909,0,0,0,4.2264,0,0,7.9745e-05,0,2.0593,0.021797,0,0,0,0,1,0.24496,5,0.24496,0
0.60187,0,0,0,4.2473,0,0,8.2145e-05,0,2.0533,0.022018,0,0,0,0,1,0.24632,5,0.24632,0
0.60465,0,0,0,4.2681,0,0,8.4545e-05,0,2.0473,0.022239,0,0,0,0,1,0.24768,5,0.24768,0
0.60743,0,0,0,4.289,0,0,8.6946e-05,0,2.0413,0.02246,0,0,0,0,1,0.24904,5,0.24904,0
0.61021,0,0,0,4.3098,0,0,8.9346e-05,0,2.0353,0.022681,0,0,0,0,1,0.25041,5,0.25041,0
0.61299,0,0,0,4.3307,0,0,9.1747e-05,0,2.0293,0.022902,0,0,0,0,1,0.25177,5,0.25177,0
0.61577,0,0,0,4.3515,0,0,9.4147e-05,0,2.0233,0.023123,0,0,0,0,1,0.25313,5,0.25313,0
0.61855,0,0,0,4.3724,0,0,9.6547e-05,0,2.0173,0.023344,0,0,0,0,1,0.25449,5,0.25449,0
0.62132,0,0,0,4.3932,0,0,9.8948e-05,0,2.0113,0.023565,0,0,0,0,1,0.25585,5,0.25585,0
0.6241,0,0,0,4.4141,0,0,0.00010135,0,2.0053,0.023786,0,0,0,0,1,0.25721,5,0.25721,0
0.62688,0,0,0,4.4349,0,0,0.00010375,0,1.9993,0.024007,0,0,0,0,1,0.25857,5,0.25857,0
0.62966,0,0,0,4.4558,0,0,0.00010615,0,1.9933,0.024228,0,0,0,0,1,0.25993,5,0.25993,0
0.63244,0,0,0,4.4766,0,0,0.00010855,0,1.9873,0.024449,0,0,0,0,1,0.26129,5,0.26129,0
0.63522,0,0,0,4.4975,0,0,0.00011095,0,1.9813,0.02467,0,0,0,0,1,0.26265,5,0.26265,0
0.638,0,0,0,4.5183,0,0,0.00011335,0,1.9753,0.024892,0,0,0,0,1,0.26401,5,0.26401,0
0.64078,0,0,0,4.5392,0,0,0.00011575,0,1.9693,0.025113,0,0,0,0,1,0.26538,5,0.26538,0
0.64355,0,0,0,4.56,0,0,0.00011815,0,1.9633,0.025334,0,0,0,0,1,0.26674,5,0.26674,0
0.64633,0,0,0,4.5809,0,0,0.00012055,0,1.9573,0.025555,0,0,0,0,1,0.2681,5,0.2681,0
0.64911,0,0,0,4.6017,0,0,0.00012295,0,1.9513,0.025776,0,0,0,0,1,0.26946,5,0.26946,0
0.65189,0,0,0,4.6226,0,0,0.00012535,0,1.9453,0.025997,0,0,0,0,1,0.27082,5,0.27082,0
0.65467,0,0,0,4.6434,0,0,0.00012775,0,1.9393,0.026218,0,0,0,0,1,0.27218,5,0.27218,0
0.65745,0,0,0,4.6643,0,0,0.00013015,0,1.9333,0.026439,0,0,0,0,1,0.27354,5,0.27354,0
0.66023,0,0,0,4.6851,0,0,0.00013255,0,1.9273,0.02666,0,0,0,0,1,0.2749,5,0.2749,0
0.66301,0,0,0,4.706,0,0,0.00013495,0,1.9213,0.026881,0,0,0,0,1,0.27626,5,0.27626,0
0.66569,0,0,0,4.7258,0,0,0.00013598,0,1.915,0.027096,0,0,0,0,1,0.27762,5,0.27762,0
0.66813,0,0,0,4.7431,0,0,0.00013339,0,1.908,0.027296,0,0,0,0,1,0.27898,5,0.27898,0
0.67058,0,0,0,4.7603,0,0,0.00013081,0,1.9009,0.027497,0,0,0,0,1,0.28035,5,0.28035,0
0.67302,0,0,0,4.7776,0,0,0.00012822,0,1.8939,0.027697,0,0,0,0,1,0.28171,5,0.28171,0
0.67546,0,0,0,4.7948,0,0,0.00012563,0,1.8868,0.027897,0,0,0,0,1,0.28307,5,0.28307,0
0.6779,0,0,0,4.8121,0,0,0.00012305,0,1.8798,0.028098,0,0,0,0,1,0.28443,5,0.28443,0
0.68035,0,0,0,4.8293,0,0,0.00012046,0,1.8727,0.028298,0,0,0,0,1,0.28579,5,0.28579,0
0.68279,0,0,0,4.8466,0,0,0.00011787,0,1.8657,0.028498,0,0,0,0,1,0.28715,5,0.28715,0
0.68523,0,0,0,4.8638,0,0,0.00011529,0,1.8586,0.028698,0,0,0,0,1,0.28851,5,0.28851,0
0.68768,0,0,0,4.8811,0,0,0.0001127,0,1.8516,0.028899,0,0,0,0,1,0.28987,5,0.28987,0
0.69012,0,0,0,4.8983,0,0,0.00011011,0,1.8446,0.029099,0,0,0,0,1,0.29123,5,0.29123,0
0.69256,0,0,0,4.9156,0,0,0.00010753,0,1.8375,0.029299,0,0,0,0,1,0.29259,5,0.29259,0
0.695,0,0,0,4.9328,0,0,0.00010494,0,1.8305,0.029499,0,0,0,0,1,0.29395,5,0.29395,0
0.69745,0,0,0,4.9501,0,0,0.00010235,0,1.8234,0.0297,0,0,0,0,1,0.29532,5,0.29532,0
0.69989,0,0,0,4.9673,0,0,9.9768e-05,0,1.8164,0.0299,0,0,0,0,1,0.29668,5,0.29668,0
0.70233,0,0,0,4.9846,0,0,9.7181e-05,0,1.8093,0.0301,0,0,0,0,1,0.29804,5,0.29804,0
0.70477,0,0,0,5.0018,0,0,9.4595e-05,0,1.8023,0.030301,0,0,0,0,1,0.2994,5,0.2994,0
0.70722,0,0,0,5.0191,0,0,9.2008e-05,0,1.7952,0.030501,0,0,0,0,1,0.30076,5,0.30076,0
0.70966,0,0,0,5.0363,0,0,8.9422e-05,0,1.7882,0.030701,0,0,0,0,1,0.30212,5,0.30212,0
0.7121,0,0,0,5.0536,0,0,8.6835e-05,0,1.7811,0.030901,0,0,0,0,1,0.30348,5,0.30348,0
0.71455,0,0,0,5.0708,0,0,8.4249e-05,0,1.7741,0.031102,0,0,0,0,1,0.30484,5,0.30484,0
0.71699,0,0,0,5.0881,0,0,8.1662e-05,0,1.767,0.031302,0,0,0,0,1,0.3062,5,0.3062,0
0.71943,0,0,0,5.1053,0,0,7.9076e-05,0,1.76,0.031502,0,0,0,0,1,0.30756,5,0.30756,0
0.72187,0,0,0,5.1226,0,0,7.649e-05,0,1.7529,0.031702,0,0,0,0,1,0.30892,5,0.30892,0
0.72432,0,0,0,5.1398,0,0,7.3903e-05,0,1.7459,0.031903,0,0,0,0,1,0.31029,5,0.31029,0
0.72676,0,0,0,5.1571,0,0,7.1317e-05,0,1.7388,0.032103,0,0,0,0,1,0.31165,5,0.31165,0
0.7292,0,0,0,5.1743,0,0,6.873e-05,0,1.7318,0.032303,0,0,0,0,1,0.31301,5,0.31301,0
0.73164,0,0,0,5.1916,0,0,6.6144e-05,0,1.7247,0.032504,0,0,0,0,1,0.31437,5,0.31437,0
0.73409,0,0,0,5.2088,0,0,6.3557e-05,0,1.7177,0.032704,0,0,0,0,1,0.31573,5,0.31573,0
0.73653,0,0,0,5.2261,0,0,6.0971e-05,0,1.7106,0.032904,0,0,0,0,1,0.31709,5,0.31709,0
0.73897,0,0,0,5.2433,0,0,5.8384e-05,0,1.7036,0.033104,0,0,0,0,1,0.31845,5,0.31845,0
0.74141,0,0,0,5.2603,0,0,5.5613e-05,0,1.6966,0.033286,0,0,0,0,1,0.31981,5,0.31981,0
0.74386,0,0,0,5.2772,0,0,5.2727e-05,0,1.6896,0.033456,0,0,0,0,1,0.32117,5,0.32117,0
0.7463,0,0,0,5.294,0,0,4.984e-05,0,1.6826,0.033626,0,0,0,0,1,0.32253,5,0.32253,0
0.74874,0,0,0,5.3109,0,0,4.6953e-05,0,1.6756,0.033796,0,0,0,0,1,0.32389,5,0.32389,0
0.75083,0,0,0,5.3221,0,0,1.8368e-05,0,1.6678,0.033933,0,0,0,0,1,0.32526,5,0.32526,0
0.75292,0,0,0,5.3332,0,0,-1.0968e-05,0,1.6601,0.034068,0,0,0,0,1,0.32662,5,0.32662,0
0.75501,0,0,0,5.3443,0,0,-4.0306e-05,0,1.6524,0.034204,0,0,0,0,1,0.32798,5,0.32798,0
0.75709,0,0,0,5.3555,0,0,-6.9714e-05,0,1.6446,0.034341,0,0,0,0,1,0.32934,5,0.32934,0
0.75918,0,0,0,5.3669,0,0,-9.992e-05,0,1.6369,0.03449,0,0,0,0,1,0.3307,5,0.3307,0
0.76128,0,0,0,5.3784,0,0,-0.00013013,0,1.6291,0.034639,0,0,0,0,1,0.33206,5,0.33206,0
0.76337,0,0,0,5.3899,0,0,-0.00016033,0,1.6214,0.034788,0,0,0,0,1,0.33342,5,0.33342,0
0.76546,0,0,0,5.4014,0,0,-0.00019054,0,1.6137,0.034937,0,0,0,0,1,0.33478,5,0.33478,0
0.76755,0,0,0,5.4129,0,0,-0.00022074,0,1.6059,0.035086,0,0,0,0,1,0.33614,5,0.33614,0
0.76964,0,0,0,5.4244,0,0,-0.00025095,0,1.5982,0.035234,0,0,0,0,1,0.3375,5,0.3375,0
0.77173,0,0,0,5.4359,0,0,-0.00028116,0,1.5904,0.035383,0,0,0,0,1,0.33886,5,0.33886,0
0.77382,0,0,0,5.4474,0,0,-0.00031136,0,1.5827,0.035532,0,0,0,0,1,0.34023,5,0.34023,0
0.77591,0,0,0,5.4589,0,0,-0.00034157,0,1.5749,0.035681,0,0,0,0,1,0.34159,5,0.34159,0
0.77801,0,0,0,5.4703,0,0,-0.00037178,0,1.5672,0.03583,0,0,0,0,1,0.34295,5,0.34295,0
0.7801,0,0,0,5.4818,0,0,-0.00040198,0,1.5594,0.035979,0,0,0,0,1,0.34431,5,0.34431,0
0.78219,0,0,0,5.4933,0,0,-0.00043219,0,1.5517,0.036128,0,0,0,0,1,0.34567,5,0.34567,0
0.78428,0,0,0,5.5048,0,0,-0.00046239,0,1.5439,0.036277,0,0,0,0,1,0.34703,5,0.34703,0
0.78637,0,0,0,5.5163,0,0,-0.0004926,0,1.5362,0.036426,0,0,0,0,1,0.34839,5,0.34839,0
0.78846,0,0,0,5.5278,0,0,-0.00052281,0,1.5284,0.036575,0,0,0,0,1,0.34975,5,0.34975,0
0.79055,0,0,0,5.5393,0,0,-0.00055301,0,1.5207,0.036724,0,0,0,0,1,0.35111,5,0.35111,0
0.79264,0,0,0,5.5508,0,0,-0.00058322,0,1.5129,0.036873,0,0,0,0,1,0.35247,5,0.35247,0
0.79473,0,0,0,5.5622,0,0,-0.00061343,0,1.5052,0.037022,0,0,0,0,1,0.35383,5,0.35383,0
0.79683,0,0,0,5.5737,0,0,-0.00064363,0,1.4974,0.037171,0,0,0,0,1,0.35519,5,0.35519,0
0.79892,0,0,0,5.5852,0,0,-0.00067384,0,1.4897,0.03732,0,0,0,0,1,0.35656,5,0.35656,0
0.80101,0,0,0,5.5967,0,0,-0.00070404,0,1.4819,0.037469,0,0,0,0,1,0.35792,5,0.35792,0
0.8031,0,0,0,5.6082,0,0,-0.00073425,0,1.4742,0.037618,0,0,0,0,1,0.35928,5,0.35928,0
0.80519,0,0,0,5.6197,0,0,-0.00076446,0,1.4665,0.037767,0,0,0,0,1,0.36064,5,0.36064,0
0.80728,0,0,0,5.6312,0,0,-0.00079466,0,1.4587,0.037916,0,0,0,0,1,0.362,5,0.362,0
0.80937,0,0,0,5.6427,0,0,-0.00082487,0,1.451,0.038065,0,0,0,0,1,0.36336,5,0.36336,0
0.81146,0,0,0,5.6542,0,0,-0.00085508,0,1.4432,0.038214,0,0,0,0,1,0.36472,5,0.36472,0
0.81356,0,0,0,5.6656,0,0,-0.00088528,0,1.4355,0.038363,0,0,0,0,1,0.36608,5,0.36608,0
0.81565,0,0,0,5.6771,0,0,-0.00091549,0,1.4277,0.038512,0,0,0,0,1,0.36744,5,0.36744,0
0.81774,0,0,0,5.6886,0,0,-0.00094569,0,1.42,0.03866,0,0,0,0,1,0.3688,5,0.3688,0
0.81983,0,0,0,5.7001,0,0,-0.0009759,0,1.4122,0.038809,0,0,0,0,1,0.37016,5,0.37016,0
0.82192,0,0,0,5.7116,0,0,-0.0010061,0,1.4045,0.038958,0,0,0,0,1,0.37153,5,0.37153,0
0.82401,0,0,0,5.7231,0,0,-0.0010363,0,1.3967,0.039107,0,0,0,0,1,0.37289,5,0.37289,0
0.8258,0,0,0,5.7283,0,0,-0.0010859,0,1.3886,0.039206,0,0,0,0,1,0.37425,5,0.37425,0
0.82754,0,0,0,5.7328,0,0,-0.0011381,0,1.3805,0.039297,0,0,0,0,1,0.37561,5,0.37561,0
0.82929,0,0,0,5.7372,0,0,-0.0011902,0,1.3723,0.039389,0,0,0,0,1,0.37697,5,0.37697,0
0.83104,0,0,0,5.7417,0,0,-0.0012424,0,1.3641,0.03948,0,0,0,0,1,0.37833,5,0.37833,0
0.83278,0,0,0,5.7461,0,0,-0.0012945,0,1.356,0.039572,0,0,0,0,1,0.37969,5,0.37969,0
0.83453,0,0,0,5.7506,0,0,-0.0013467,0,1.3478,0.039664,0,0,0,0,1,0.38105,5,0.38105,0
0.83628,0,0,0,5.7551,0,0,-0.0013988,0,1.3396,0.039755,0,0,0,0,1,0.38241,5,0.38241,0
0.83802,0,0,0,5.7595,0,0,-0.001451,0,1.3315,0.039847,0,0,0,0,1,0.38377,5,0.38377,0
0.83977,0,0,0,5.764,0,0,-0.0015031,0,1.3233,0.039938,0,0,0,0,1,0.38513,5,0.38513,0
0.84152,0,0,0,5.7684,0,0,-0.0015553,0,1.3152,0.04003,0,0,0,0,1,0.3865,5,0.3865,0
0.84326,0,0,0,5.7729,0,0,-0.0016074,0,1.307,0.040121,0,0,0,0,1,0.38786,5,0.38786,0
0.84501,0,0,0,5.7773,0,0,-0.0016596,0,1.2988,0.040213,0,0,0,0,1,0.38922,5,0.38922,0
0.84676,0,0,0,5.7818,0,0,-0.0017117,0,1.2907,0.040305,0,0,0,0,1,0.39058,5,0.39058,0
0.8485,0,0,0,5.7862,0,0,-0.0017639,0,1.2825,0.040396,0,0,0,0,1,0.39194,5,0.39194,0
0.85025,0,0,0,5.7907,0,0,-0.001816,0,1.2744,0.040488,0,0,0,0,1,0.3933,5,0.3933,0
0.852,0,0,0,5.7951,0,0,-0.0018682,0,1.2662,0.040579,0,0,0,0,1,0.39466,5,0.39466,0
0.85374,0,0,0,5.7996,0,0,-0.0019203,0,1.258,0.040671,0,0,0,0,1,0.39602,5,0.39602,0
0.85549,0,0,0,5.804,0,0,-0.0019725,0,1.2499,0.040763,0,0,0,0,1,0.39738,5,0.39738,0
0.85724,0,0,0,5.8085,0,0,-0.0020247,0,1.2417,0.040854,0,0,0,0,1,0.39874,5,0.39874,0
0.85898,0,0,0,5.8129,0,0,-0.0020768,0,1.2335,0.040946,0,0,0,0,1,0.4001,5,0.4001,0
0.86073,0,0,0,5.8174,0,0,-0.002129,0,1.2254,0.041037,0,0,0,0,1,0.40147,5,0.40147,0
0.86247,0,0,0,5.8218,0,0,-0.0021811,0,1.2172,0.04113,0,0,0,0,1,0.40283,5,0.40283,0
0.86421,0,0,0,5.8265,0,0,-0.0022331,0,1.209,0.041227,0,0,0,0,1,0.40419,5,0.40419,0
0.86594,0,0,0,5.8311,0,0,-0.0022852,0,1.2008,0.041324,0,0,0,0,1,0.40555,5,0.40555,0
0.86768,0,0,0,5.8358,0,0,-0.0023373,0,1.1926,0.04142,0,0,0,0,1,0.40691,5,0.40691,0
0.86942,0,0,0,5.8404,0,0,-0.0023893,0,1.1844,0.041517,0,0,0,0,1,0.40827,5,0.40827,0
0.87115,0,0,0,5.8451,0,0,-0.0024414,0,1.1762,0.041614,0,0,0,0,1,0.40963,5,0.40963,0
0.87284,0,0,0,5.8486,0,0,-0.0024824,0,1.168,0.041701,0,0,0,0,1,0.41099,5,0.41099,0
0.87428,0,0,0,5.8458,0,0,-0.0024584,0,1.1598,0.041734,0,0,0,0,1,0.41235,5,0.41235,0
0.87571,0,0,0,5.8429,0,0,-0.0024343,0,1.1515,0.041766,0,0,0,0,1,0.41371,5,0.41371,0
0.87715,0,0,0,5.84,0,0,-0.0024102,0,1.1433,0.041798,0,0,0,0,1,0.41507,5,0.41507,0
0.87858,0,0,0,5.8371,0,0,-0.0023861,0,1.135,0.04183,0,0,0,0,1,0.41644,5,0.41644,0
0.88002,0,0,0,5.8342,0,0,-0.0023621,0,1.1268,0.041863,0,0,0,0,1,0.4178,5,0.4178,0
0.88145,0,0,0,5.8314,0,0,-0.002338,0,1.1185,0.041895,0,0,0,0,1,0.41916,5,0.41916,0
0.88289,0,0,0,5.8285,0,0,-0.0023139,0,1.1103,0.041927,0,0,0,0,1,0.42052,5,0.42052,0
0.88432,0,0,0,5.8256,0,0,-0.0022898,0,1.1021,0.041959,0,0,0,0,1,0.42188,5,0.42188,0
0.88576,0,0,0,5.8227,0,0,-0.0022682,0,1.0938,0.041985,0,0,0,0,1,0.42324,5,0.42324,0
0.88721,0,0,0,5.8198,0,0,-0.0022527,0,1.0856,0.041991,0,0,0,0,1,0.4246,5,0.4246,0
0.88866,0,0,0,5.8169,0,0,-0.0022373,0,1.0774,0.041998,0,0,0,0,1,0.42596,5,0.42596,0
0.89011,0,0,0,5.814,0,0,-0.0022219,0,1.0692,0.042005,0,0,0,0,1,0.42732,5,0.42732,0
0.89156,0,0,0,5.811,0,0,-0.0022064,0,1.061,0.042012,0,0,0,0,1,0.42868,5,0.42868,0
0.89301,0,0,0,5.8081,0,0,-0.002191,0,1.0528,0.042019,0,0,0,0,1,0.43004,5,0.43004,0
0.89445,0,0,0,5.8052,0,0,-0.0021756,0,1.0446,0.042026,0,0,0,0,1,0.43141,5,0.43141,0
0.8959,0,0,0,5.8023,0,0,-0.0021601,0,1.0364,0.042033,0,0,0,0,1,0.43277,5,0.43277,0
0.89735,0,0,0,5.7994,0,0,-0.0021447,0,1.0282,0.042039,0,0,0,0,1,0.43413,5,0.43413,0
0.8988,0,0,0,5.7964,0,0,-0.0021293,0,1.02,0.042046,0,0,0,0,1,0.43549,5,0.43549,0
0.90025,0,0,0,5.7935,0,0,-0.0021139,0,1.0118,0.042053,0,0,0,0,1,0.43685,5,0.43685,0
0.9017,0,0,0,5.7906,0,0,-0.0020984,0,1.0036,0.04206,0,0,0,0,1,0.43821,5,0.43821,0
0.90315,0,0,0,5.7877,0,0,-0.002083,0,0.9954,0.042067,0,0,0,0,1,0.43957,5,0.43957,0
0.9046,0,0,0,5.7848,0,0,-0.0020676,0,0.9872,0.042074,0,0,0,0,1,0.44093,5,0.44093,0
0.90604,0,0,0,5.7818,0,0,-0.0020521,0,0.979,0.04208,0,0,0,0,1,0.44229,5,0.44229,0
0.90749,0,0,0,5.7789,0,0,-0.0020367,0,0.9708,0.042087,0,0,0,0,1,0.44365,5,0.44365,0
0.90894,0,0,0,5.776,0,0,-0.0020213,0,0.96259,0.042094,0,0,0,0,1,0.44501,5,0.44501,0
0.91039,0,0,0,5.7731,0,0,-0.0020058,0,0.95439,0.042101,0,0,0,0,1,0.44638,5,0.44638,0
0.91163,0,0,0,5.7642,0,0,-0.0016763,0,0.94636,0.042046,0,0,0,0,1,0.44774,5,0.44774,0
0.9128,0,0,0,5.7535,0,0,-0.0012485,0,0.93838,0.041972,0,0,0,0,1,0.4491,5,0.4491,0
0.91397,0,0,0,5.7428,0,0,-0.00082081,0,0.93041,0.041897,0,0,0,0,1,0.45046,5,0.45046,0
0.91515,0,0,0,5.732,0,0,-0.00039308,0,0.92243,0.041823,0,0,0,0,1,0.45182,5,0.45182,0
0.91632,0,0,0,5.7213,0,0,3.4642e-05,0,0.91445,0.041749,0,0,0,0,1,0.45318,5,0.45318,0
0.91749,0,0,0,5.7106,0,0,0.00046237,0,0.90647,0.041675,0,0,0,0,1,0.45454,5,0.45454,0
0.91867,0,0,0,5.6998,0,0,0.0008901,0,0.8985,0.0416,0,0,0,0,1,0.4559,5,0.4559,0
0.91984,0,0,0,5.6891,0,0,0.0013178,0,0.89052,0.041526,0,0,0,0,1,0.45726,5,0.45726,0
0.92101,0,0,0,5.6784,0,0,0.0017455,0,0.88254,0.041452,0,0,0,0,1,0.45862,5,0.45862,0
0.92219,0,0,0,5.6676,0,0,0.0021733,0,0.87456,0.041378,0,0,0,0,1,0.45998,5,0.45998,0
0.92335,0,0,0,5.6569,0,0,0.0026696,0,0.86655,0.041305,0,0,0,0,1,0.46135,5,0.46135,0
0.9245,0,0,0,5.6461,0,0,0.0031987,0,0.85853,0.041234,0,0,0,0,1,0.46271,5,0.46271,0
0.92566,0,0,0,5.6353,0,0,0.0037279,0,0.8505,0.041163,0,0,0,0,1,0.46407,5,0.46407,0
0.92682,0,0,0,5.6245,0,0,0.004257,0,0.84248,0.041092,0,0,0,0,1,0.46543,5,0.46543,0
0.92797,0,0,0,5.6137,0,0,0.0047861,0,0.83445,0.041021,0,0,0,0,1,0.46679,5,0.46679,0
0.92913,0,0,0,5.6029,0,0,0.0053153,0,0.82643,0.04095,0,0,0,0,1,0.46815,5,0.46815,0
0.93028,0,0,0,5.5921,0,0,0.0058444,0,0.81841,0.040879,0,0,0,0,1,0.46951,5,0.46951,0
0.93144,0,0,0,5.5813,0,0,0.0063735,0,0.81038,0.040808,0,0,0,0,1,0.47087,5,0.47087,0
0.93259,0,0,0,5.5705,0,0,0.0069027,0,0.80236,0.040737,0,0,0,0,1,0.47223,5,0.47223,0
0.93375,0,0,0,5.5597,0,0,0.0074318,0,0.79433,0.040666,0,0,0,0,1,0.47359,5,0.47359,0
0.93491,0,0,0,5.5489,0,0,0.0079609,0,0.78631,0.040594,0,0,0,0,1,0.47495,5,0.47495,0
0.93606,0,0,0,5.5381,0,0,0.00849,0,0.77828,0.040523,0,0,0,0,1,0.47631,5,0.47631,0
0.93722,0,0,0,5.5273,0,0,0.0090192,0,0.77026,0.040452,0,0,0,0,1,0.47768,5,0.47768,0
0.93837,0,0,0,5.5165,0,0,0.0095483,0,0.76223,0.040381,0,0,0,0,1,0.47904,5,0.47904,0
0.93943,0,0,0,5.5025,0,0,0.010627,0,0.75442,0.040268,0,0,0,0,1,0.4804,5,0.4804,0
0.94036,0,0,0,5.4847,0,0,0.012391,0,0.74687,0.040102,0,0,0,0,1,0.48176,5,0.48176,0
0.94128,0,0,0,5.4669,0,0,0.014154,0,0.73932,0.039936,0,0,0,0,1,0.48312,5,0.48312,0
0.94221,0,0,0,5.449,0,0,0.015917,0,0.73177,0.03977,0,0,0,0,1,0.48448,5,0.48448,0
0.94314,0,0,0,5.4312,0,0,0.017681,0,0.72422,0.039604,0,0,0,0,1,0.48584,5,0.48584,0
0.94407,0,0,0,5.4134,0,0,0.019444,0,0.71667,0.039438,0,0,0,0,1,0.4872,5,0.4872,0
0.945,0,0,0,5.3955,0,0,0.021207,0,0.70912,0.039272,0,0,0,0,1,0.48856,5,0.48856,0
0.94592,0,0,0,5.3777,0,0,0.022971,0,0.70156,0.039105,0,0,0,0,1,0.48992,5,0.48992,0
0.94685,0,0,0,5.3599,0,0,0.024734,0,0.69401,0.038939,0,0,0,0,1,0.49128,5,0.49128,0
0.94778,0,0,0,5.342,0,0,0.026497,0,0.68646,0.038773,0,0,0,0,1,0.49265,5,0.49265,0
0.94871,0,0,0,5.3242,0,0,0.028261,0,0.67891,0.038607,0,0,0,0,1,0.49401,5,0.49401,0
0.94964,0,0,0,5.3063,0,0,0.030024,0,0.67136,0.038441,0,0,0,0,1,0.49537,5,0.49537,0
0.95056,0,0,0,5.2885,0,0,0.031787,0,0.66381,0.038275,0,0,0,0,1,0.49673,5,0.49673,0
0.95149,0,0,0,5.2707,0,0,0.033551,0,0.65626,0.038109,0,0,0,0,1,0.49809,5,0.49809,0
0.95242,0,0,0,5.2528,0,0,0.035314,0,0.64871,0.037943,0,0,0,0,1,0.49945,5,0.49945,0
0.95334,0,0,0,5.2347,0,0,0.037168,0,0.64116,0.037772,0,0,0,0,1,0.50081,5,0.50081,0
0.95422,0,0,0,5.2154,0,0,0.03943,0,0.63364,0.037579,0,0,0,0,1,0.50217,5,0.50217,0
0.95509,0,0,0,5.1961,0,0,0.041692,0,0.62612,0.037386,0,0,0,0,1,0.50353,5,0.50353,0
0.95597,0,0,0,5.1768,0,0,0.043954,0,0.6186,0.037193,0,0,0,0,1,0.50489,5,0.50489,0
0.95684,0,0,0,5.1575,0,0,0.046215,0,0.61108,0.037,0,0,0,0,1,0.50625,5,0.50625,0
0.95772,0,0,0,5.1382,0,0,0.048477,0,0.60355,0.036807,0,0,0,0,1,0.50762,5,0.50762,0
0.9586,0,0,0,5.1189,0,0,0.050739,0,0.59603,0.036614,0,0,0,0,1,0.50898,5,0.50898,0
0.95947,0,0,0,5.0996,0,0,0.053,0,0.58851,0.036421,0,0,0,0,1,0.51034,5,0.51034,0
0.96028,0,0,0,5.0783,0,0,0.055938,0,0.58125,0.036201,0,0,0,0,1,0.5117,5,0.5117,0
0.96098,0,0,0,5.0545,0,0,0.059746,0,0.57432,0.035945,0,0,0,0,1,0.51306,5,0.51306,0
0.96169,0,0,0,5.0306,0,0,0.063555,0,0.5674,0.035689,0,0,0,0,1,0.51442,5,0.51442,0
0.9624,0,0,0,5.0068,0,0,0.067363,0,0.56047,0.035434,0,0,0,0,1,0.51578,5,0.51578,0
0.96311,0,0,0,4.983,0,0,0.071172,0,0.55354,0.035178,0,0,0,0,1,0.51714,5,0.51714,0
0.96381,0,0,0,4.9591,0,0,0.07498,0,0.54662,0.034922,0,0,0,0,1,0.5185,5,0.5185,0
0.96452,0,0,0,4.9353,0,0,0.078789,0,0.53969,0.034667,0,0,0,0,1,0.51986,5,0.51986,0
0.96523,0,0,0,4.9114,0,0,0.082598,0,0.53277,0.034411,0,0,0,0,1,0.52122,5,0.52122,0
0.96594,0,0,0,4.8876,0,0,0.086406,0,0.52584,0.034156,0,0,0,0,1,0.52259,5,0.52259,0
0.96664,0,0,0,4.8637,0,0,0.090215,0,0.51891,0.0339,0,0,0,0,1,0.52395,5,0.52395,0
0.96735,0,0,0,4.8399,0,0,0.094023,0,0.51199,0.033644,0,0,0,0,1,0.52531,5,0.52531,0
0.96806,0,0,0,4.816,0,0,0.097832,0,0.50506,0.033389,0,0,0,0,1,0.52667,5,0.52667,0
0.96877,0,0,0,4.7922,0,0,0.10164,0,0.49814,0.033133,0,0,0,0,1,0.52803,5,0.52803,0
0.96947,0,0,0,4.7684,0,0,0.10545,0,0.49121,0.032877,0,0,0,0,1,0.52939,5,0.52939,0
0.97018,0,0,0,4.7445,0,0,0.10926,0,0.48428,0.032622,0,0,0,0,1,0.53075,5,0.53075,0
0.97089,0,0,0,4.7207,0,0,0.11307,0,0.47736,0.032366,0,0,0,0,1,0.53211,5,0.53211,0
0.9716,0,0,0,4.6968,0,0,0.11687,0,0.47043,0.032111,0,0,0,0,1,0.53347,5,0.53347,0
0.9723,0,0,0,4.673,0,0,0.12068,0,0.4635,0.031855,0,0,0,0,1,0.53483,5,0.53483,0
0.97302,0,0,0,4.6493,0,0,0.12445,0,0.45657,0.031601,0,0,0,0,1,0.53619,5,0.53619,0
0.97365,0,0,0,4.6241,0,0,0.12884,0,0.44996,0.031321,0,0,0,0,1,0.53756,5,0.53756,0
0.97419,0,0,0,4.5963,0,0,0.13406,0,0.44373,0.030989,0,0,0,0,1,0.53892,5,0.53892,0
0.97473,0,0,0,4.5686,0,0,0.13928,0,0.43749,0.030657,0,0,0,0,1,0.54028,5,0.54028,0
0.97527,0,0,0,4.5409,0,0,0.14451,0,0.43126,0.030326,0,0,0,0,1,0.54164,5,0.54164,0
0.97581,0,0,0,4.5132,0,0,0.14973,0,0.42502,0.029994,0,0,0,0,1,0.543,5,0.543,0
0.97635,0,0,0,4.4855,0,0,0.15496,0,0.41879,0.029662,0,0,0,0,1,0.54436,5,0.54436,0
0.97688,0,0,0,4.4577,0,0,0.16018,0,0.41255,0.029331,0,0,0,0,1,0.54572,5,0.54572,0
0.97742,0,0,0,4.43,0,0,0.1654,0,0.40632,0.028999,0,0,0,0,1,0.54708,5,0.54708,0
0.97796,0,0,0,4.4023,0,0,0.17063,0,0.40008,0.028667,0,0,0,0,1,0.54844,5,0.54844,0
0.9785,0,0,0,4.3746,0,0,0.17585,0,0.39385,0.028336,0,0,0,0,1,0.5498,5,0.5498,0
0.97904,0,0,0,4.3469,0,0,0.18108,0,0.38761,0.028004,0,0,0,0,1,0.55116,5,0.55116,0
0.97958,0,0,0,4.3192,0,0,0.1863,0,0.38138,0.027672,0,0,0,0,1,0.55253,5,0.55253,0
0.98012,0,0,0,4.2914,0,0,0.19152,0,0.37514,0.027341,0,0,0,0,1,0.55389,5,0.55389,0
0.98066,0,0,0,4.2637,0,0,0.19675,0,0.3689,0.027009,0,0,0,0,1,0.55525,5,0.55525,0
0.98119,0,0,0,4.236,0,0,0.20197,0,0.36267,0.026677,0,0,0,0,1,0.55661,5,0.55661,0
0.98173,0,0,0,4.2083,0,0,0.20719,0,0.35643,0.026346,0,0,0,0,1,0.55797,5,0.55797,0
0.98227,0,0,0,4.1806,0,0,0.21242,0,0.3502,0.026014,0,0,0,0,1,0.55933,5,0.55933,0
0.98281,0,0,0,4.1528,0,0,0.21764,0,0.34396,0.025682,0,0,0,0,1,0.56069,5,0.56069,0
0.98329,0,0,0,4.1246,0,0,0.22333,0,0.33808,0.025355,0,0,0,0,1,0.56205,5,0.56205,0
0.98371,0,0,0,4.0959,0,0,0.2294,0,0.33248,0.025031,0,0,0,0,1,0.56341,5,0.56341,0
0.98414,0,0,0,4.0671,0,0,0.23546,0,0.32688,0.024707,0,0,0,0,1,0.56477,5,0.56477,0
0.98457,0,0,0,4.0384,0,0,0.24152,0,0.32128,0.024382,0,0,0,0,1,0.56613,5,0.56613,0
0.985,0,0,0,4.0097,0,0,0.24759,0,0.31568,0.024058,0,0,0,0,1,0.5675,5,0.5675,0
0.98542,0,0,0,3.981,0,0,0.25365,0,0.31008,0.023734,0,0,0,0,1,0.56886,5,0.56886,0
0.98584,0,0,0,3.9518,0,0,0.25981,0,0.30453,0.02339,0,0,0,0,1,0.57022,5,0.57022,0
0.98623,0,0,0,3.9213,0,0,0.26623,0,0.29911,0.022999,0,0,0,0,1,0.57158,5,0.57158,0
0.98661,0,0,0,3.8909,0,0,0.27264,0,0.29368,0.022607,0,0,0,0,1,0.57294,5,0.57294,0
0.987,0,0,0,3.8604,0,0,0.27905,0,0.28826,0.022215,0,0,0,0,1,0.5743,5,0.5743,0
0.98739,0,0,0,3.83,0,0,0.28547,0,0.28284,0.021823,0,0,0,0,1,0.57566,5,0.57566,0
0.98778,0,0,0,3.7995,0,0,0.29188,0,0.27741,0.021432,0,0,0,0,1,0.57702,5,0.57702,0
0.98816,0,0,0,3.7691,0,0,0.29829,0,0.27199,0.02104,0,0,0,0,1,0.57838,5,0.57838,0
0.98855,0,0,0,3.7386,0,0,0.3047,0,0.26656,0.020648,0,0,0,0,1,0.57974,5,0.57974,0
0.98894,0,0,0,3.7082,0,0,0.31112,0,0.26114,0.020256,0,0,0,0,1,0.5811,5,0.5811,0
0.98933,0,0,0,3.6777,0,0,0.31753,0,0.25572,0.019865,0,0,0,0,1,0.58247,5,0.58247,0
0.9897,0,0,0,3.6474,0,0,0.32411,0,0.25039,0.019477,0,0,0,0,1,0.58383,5,0.58383,0
0.99,0,0,0,3.6177,0,0,0.33153,0,0.24557,0.019112,0,0,0,0,1,0.58519,5,0.58519,0
0.9903,0,0,0,3.588,0,0,0.33895,0,0.24076,0.018746,0,0,0,0,1,0.58655,5,0.58655,0
0.99061,0,0,0,3.5583,0,0,0.34637,0,0.23594,0.018381,0,0,0,0,1,0.58791,5,0.58791,0
0.99091,0,0,0,3.5286,0,0,0.35379,0,0.23113,0.018016,0,0,0,0,1,0.58927,5,0.58927,0
0.99121,0,0,0,3.4989,0,0,0.36121,0,0.22631,0.01765,0,0,0,0,1,0.59063,5,0.59063,0
0.99151,0,0,0,3.4692,0,0,0.36864,0,0.2215,0.017285,0,0,0,0,1,0.59199,5,0.59199,0
0.99181,0,0,0,3.4395,0,0,0.37606,0,0.21668,0.016919,0,0,0,0,1,0.59335,5,0.59335,0
0.99211,0,0,0,3.4098,0,0,0.38348,0,0.21187,0.016554,0,0,0,0,1,0.59471,5,0.59471,0
0.99242,0,0,0,3.3801,0,0,0.3909,0,0.20705,0.016188,0,0,0,0,1,0.59607,5,0.59607,0
0.99272,0,0,0,3.3504,0,0,0.39832,0,0.20224,0.015823,0,0,0,0,1,0.59744,5,0.59744,0
0.99301,0,0,0,3.3202,0,0,0.40583,0,0.19744,0.015444,0,0,0,0,1,0.5988,5,0.5988,0
0.99329,0,0,0,3.2887,0,0,0.41357,0,0.19272,0.015026,0,0,0,0,1,0.60016,5,0.60016,0
0.99357,0,0,0,3.2571,0,0,0.42131,0,0.188,0.014608,0,0,0,0,1,0.60152,5,0.60152,0
0.99385,0,0,0,3.2256,0,0,0.42906,0,0.18327,0.01419,0,0,0,0,1,0.60288,5,0.60288,0
0.99409,0,0,0,3.1948,0,0,0.43694,0,0.17887,0.013786,0,0,0,0,1,0.60424,5,0.60424,0
0.9943,0,0,0,3.1646,0,0,0.44493,0,0.17467,0.013392,0,0,0,0,1,0.6056,5,0.6056,0
0.99451,0,0,0,3.1344,0,0,0.45291,0,0.17048,0.012998,0,0,0,0,1,0.60696,5,0.60696,0
0.99473,0,0,0,3.1041,0,0,0.46089,0,0.16629,0.012604,0,0,0,0,1,0.60832,5,0.60832,0
0.99494,0,0,0,3.0739,0,0,0.46888,0,0.16209,0.01221,0,0,0,0,1,0.60968,5,0.60968,0
0.99515,0,0,0,3.0437,0,0,0.47686,0,0.15789,0.011819,0,0,0,0,1,0.61104,5,0.61104,0
0.99537,0,0,0,3.0141,0,0,0.48483,0,0.15364,0.011468,0,0,0,0,1,0.61241,5,0.61241,0
0.99559,0,0,0,2.9844,0,0,0.49279,0,0.14939,0.011117,0,0,0,0,1,0.61377,5,0.61377,0
0.99581,0,0,0,2.9548,0,0,0.50076,0,0.14514,0.010766,0,0,0,0,1,0.61513,5,0.61513,0
0.99602,0,0,0,2.9252,0,0,0.50873,0,0.14089,0.010416,0,0,0,0,1,0.61649,5,0.61649,0
0.99624,0,0,0,2.8955,0,0,0.5167,0,0.13664,0.010065,0,0,0,0,1,0.61785,5,0.61785,0
0.99643,0,0,0,2.8668,0,0,0.52417,0,0.13265,0.0097337,0,0,0,0,1,0.61921,5,0.61921,0
0.99659,0,0,0,2.8389,0,0,0.53121,0,0.12889,0.0094197,0,0,0,0,1,0.62057,5,0.62057,0
0.99675,0,0,0,2.811,0,0,0.53825,0,0.12512,0.0091057,0,0,0,0,1,0.62193,5,0.62193,0
0.99691,0,0,0,2.7831,0,0,0.54529,0,0.12136,0.0087916,0,0,0,0,1,0.62329,5,0.62329,0
0.99707,0,0,0,2.7552,0,0,0.55233,0,0.11759,0.0084776,0,0,0,0,1,0.62465,5,0.62465,0
0.99723,0,0,0,2.7255,0,0,0.55947,0,0.11383,0.0081483,0,0,0,0,1,0.62601,5,0.62601,0
0.99738,0,0,0,2.6956,0,0,0.56661,0,0.11008,0.0078181,0,0,0,0,1,0.62737,5,0.62737,0
0.99754,0,0,0,2.6657,0,0,0.57375,0,0.10632,0.007488,0,0,0,0,1,0.62874,5,0.62874,0
0.9977,0,0,0,2.6359,0,0,0.5809,0,0.10256,0.0071578,0,0,0,0,1,0.6301,5,0.6301,0
0.99785,0,0,0,2.606,0,0,0.58804,0,0.098802,0.0068276,0,0,0,0,1,0.63146,5,0.63146,0
0.99799,0,0,0,2.5768,0,0,0.5942,0,0.095236,0.0065137,0,0,0,0,1,0.63282,5,0.63282,0
0.99809,0,0,0,2.5484,0,0,0.59895,0,0.091943,0.006223,0,0,0,0,1,0.63418,5,0.63418,0
0.9982,0,0,0,2.5201,0,0,0.60371,0,0.088649,0.0059323,0,0,0,0,1,0.63554,5,0.63554,0
0.99831,0,0,0,2.4918,0,0,0.60847,0,0.085356,0.0056416,0,0,0,0,1,0.6369,5,0.6369,0
0.99842,0,0,0,2.4635,0,0,0.61322,0,0.082063,0.0053509,0,0,0,0,1,0.63826,5,0.63826,0
0.99852,0,0,0,2.4352,0,0,0.61798,0,0.078769,0.0050602,0,0,0,0,1,0.63962,5,0.63962,0
0.99863,0,0,0,2.4069,0,0,0.62274,0,0.075476,0.0047695,0,0,0,0,1,0.64098,5,0.64098,0
0.99874,0,0,0,2.3791,0,0,0.62758,0,0.072152,0.004489,0,0,0,0,1,0.64234,5,0.64234,0
0.99885,0,0,0,2.3517,0,0,0.63248,0,0.068809,0.0042147,0,0,0,0,1,0.64371,5,0.64371,0
0.99896,0,0,0,2.3242,0,0,0.63738,0,0.065466,0.0039404,0,0,0,0,1,0.64507,5,0.64507,0
0.99906,0,0,0,2.2977,0,0,0.64137,0,0.062238,0.0036733,0,0,0,0,1,0.64643,5,0.64643,0
0.99914,0,0,0,2.2732,0,0,0.64362,0,0.05923,0.0034201,0,0,0,0,1,0.64779,5,0.64779,0
0.99921,0,0,0,2.2474,0,0,0.64572,0,0.056248,0.0031755,0,0,0,0,1,0.64915,5,0.64915,0
0.99927,0,0,0,2.2196,0,0,0.64755,0,0.053313,0.0029465,0,0,0,0,1,0.65051,5,0.65051,0
0.99934,0,0,0,2.1918,0,0,0.64938,0,0.050379,0.0027176,0,0,0,0,1,0.65187,5,0.65187,0
0.9994,0,0,0,2.164,0,0,0.6512,0,0.047444,0.0024887,0,0,0,0,1,0.65323,5,0.65323,0
0.99947,0,0,0,2.1362,0,0,0.65303,0,0.04451,0.0022597,0,0,0,0,1,0.65459,5,0.65459,0
0.99953,0,0,0,2.1084,0,0,0.65486,0,0.041575,0.0020308,0,0,0,0,1,0.65595,5,0.65595,0
0.9996,0,0,0,2.0806,0,0,0.65669,0,0.03864,0.0018018,0,0,0,0,1,0.65731,5,0.65731,0
0.99966,0,0,0,2.0529,0,0,0.65843,0,0.035715,0.0015767,0,0,0,0,1,0.65868,5,0.65868,0
0.9997,0,0,0,2.0276,0,0,0.65869,0,0.032942,0.0014176,0,0,0,0,1,0.66004,5,0.66004,0
0.99974,0,0,0,2.0023,0,0,0.65895,0,0.030169,0.0012584,0,0,0,0,1,0.6614,5,0.6614,0
0.99978,0,0,0,1.9757,0,0,0.65915,0,0.027487,0.0010931,0,0,0,0,1,0.66276,5,0.66276,0
0.99981,0,0,0,1.9483,0,0,0.65933,0,0.024863,0.00092384,0,0,0,0,1,0.66412,5,0.66412,0
0.99985,0,0,0,1.9209,0,0,0.65951,0,0.022239,0.00075459,0,0,0,0,1,0.66548,5,0.66548,0
0.99989,0,0,0,1.8935,0,0,0.65968,0,0.019615,0.00058534,0,0,0,0,1,0.66684,5,0.66684,0
0.99991,0,0,0,1.8642,0,0,0.65939,0,0.017212,0.00048873,0,0,0,0,1,0.6682,5,0.6682,0
0.99992,0,0,0,1.8339,0,0,0.65888,0,0.01491,0.00042512,0,0,0,0,1,0.66956,5,0.66956,0
0.99993,0,0,0,1.8036,0,0,0.65837,0,0.012608,0.00036151,0,0,0,0,1,0.67092,5,0.67092,0
0.99994,0,0,0,1.7733,0,0,0.65785,0,0.010305,0.00029791,0,0,0,0,1,0.67228,5,0.67228,0
0.99996,0,0,0,1.7431,0,0,0.65734,0,0.008003,0.0002343,0,0,0,0,1,0.67365,5,0.67365,0
0.99997,0,0,0,1.7128,0,0,0.65683,0,0.0057007,0.0001707,0,0,0,0,1,0.67501,5,0.67501,0
0.99998,0,0,0,1.6861,0,0,0.65642,0,0.0033498,0.00010077,0,0,0,0,1,0.67637,5,0.67637,0
1,0,0,0,1.6599,0,0,0.65603,0,0.00099109,2.9814e-05,0,0,0,0,1,0.67773,5,0.67773,0
nan,nan,nan,nan,nan,nan,nan,nan,nan,nan,nan,nan,nan,nan,nan,0,0.67909,5,0.67909,0
nan,nan,nan,nan,nan,nan,nan,nan,nan,nan,nan,nan,nan,nan,nan,0,0.68045,5,0.68045,0
nan,nan,nan,nan,nan,nan,nan,nan,nan,nan,nan,nan,nan,nan,nan,0,0.68181,5,0.68181,0
nan,nan,nan,nan,nan,nan,nan,nan,nan,nan,nan,nan,nan,nan,nan,0,0.68317,5,0.68317,0
nan,nan,nan,nan,nan,nan,nan,nan,nan,nan,nan,nan,nan,nan,nan,0,0.68453,5,0.68453,0
nan,nan,nan,nan,nan,nan,nan,nan,nan,nan,nan,nan,nan,nan,nan,0,0.68589,5,0.68589,0
nan,nan,nan,nan,nan,nan,nan,nan,nan,nan,nan,nan,nan,nan,nan,0,0.68725,5,0.68725,0
nan,nan,nan,nan,nan,nan,nan,nan,nan,nan,nan,nan,nan,nan,nan,0,0.68862,5,0.68862,0
nan,nan,nan,nan,nan,nan,nan,nan,nan,nan,nan,nan,nan,nan,nan,0,0.68998,5,0.68998,0
nan,nan,nan,nan,nan,nan,nan,nan,nan,nan,nan,nan,nan,nan,nan,0,0.69134,5,0.69134,0
nan,nan,nan,nan,nan,nan,nan,nan,nan,nan,nan,nan,nan,nan,nan,0,0.6927,5,0.6927,0
nan,nan,nan,nan,nan,nan,nan,nan,nan,nan,nan,nan,nan,nan,nan,0,0.69406,5,0.69406,0
nan,nan,nan,nan,nan,nan,nan,nan,nan,nan,nan,nan,nan,nan,nan,0,0.69542,5,0.69542,0
nan,nan,nan,nan,nan,nan,nan,nan,nan,nan,nan,nan,nan,nan,nan,0,0.69678,5,0.69678,0
nan,nan,nan,nan,nan,nan,nan,nan,nan,nan,nan,nan,nan,nan,nan,0,0.69814,5,0.69814,0
nan,nan,nan,nan,nan,nan,nan,nan,nan,nan,nan,nan,nan,nan,nan,0,0.6995,5,0.6995,0
nan,nan,nan,nan,nan,nan,nan,nan,nan,nan,nan,nan,nan,nan,nan,0,0.70086,5,0.70086,0
nan,nan,nan,nan,nan,nan,nan,nan,nan,nan,nan,nan,nan,nan,nan,0,0.70222,5,0.70222,0
nan,nan,nan,nan,nan,nan,nan,nan,nan,nan,nan,nan,nan,nan,nan,0,0.70359,5,0.70359,0
nan,nan,nan,nan,nan,nan,nan,nan,nan,nan,nan,nan,nan,nan,nan,0,0.70495,5,0.70495,0
nan,nan,nan,nan,nan,nan,nan,nan,nan,nan,nan,nan,nan,nan,nan,0,0.70631,5,0.70631,0
nan,nan,nan,nan,nan,nan,nan,nan,nan,nan,nan,nan,nan,nan,nan,0,0.70767,5,0.70767,0
nan,nan,nan,nan,nan,nan,nan,nan,nan,nan,nan,nan,nan,nan,nan,0,0.70903,5,0.70903,0
nan,nan,nan,nan,nan,nan,nan,nan,nan,nan,nan,nan,nan,nan,nan,0,0.71039,5,0.71039,0
nan,nan,nan,nan,nan,nan,nan,nan,nan,nan,nan,nan,nan,nan,nan,0,0.71175,5,0.71175,0
nan,nan,nan,nan,nan,nan,nan,nan,nan,nan,nan,nan,nan,nan,nan,0,0.71311,5,0.71311,0
nan,nan,nan,nan,nan,nan,nan,nan,nan,nan,nan,nan,nan,nan,nan,0,0.71447,5,0.71447,0
nan,nan,nan,nan,nan,nan,nan,nan,nan,nan,nan,nan,nan,nan,nan,0,0.71583,5,0.71583,0
nan,nan,nan,nan,nan,nan,nan,nan,nan,nan,nan,nan,nan,nan,nan,0,0.71719,5,0.71719,0
nan,nan,nan,nan,nan,nan,nan,nan,nan,nan,nan,nan,nan,nan,nan,0,0.71856,5,0.71856,0
nan,nan,nan,nan,nan,nan,nan,nan,nan,nan,nan,nan,nan,nan,nan,0,0.71992,5,0.71992,0
nan,nan,nan,nan,nan,nan,nan,nan,nan,nan,nan,nan,nan,nan,nan,0,0.72128,5,0.72128,0
nan,nan,nan,nan,nan,nan,nan,nan,nan,nan,nan,nan,nan,nan,nan,0,0.72264,5,0.72264,0
nan,nan,nan,nan,nan,nan,nan,nan,nan,nan,nan,nan,nan,nan,nan,0,0.724,5,0.724,0
nan,nan,nan,nan,nan,nan,nan,nan,nan,nan,nan,nan,nan,nan,nan,0,0.72536,5,0.72536,0
nan,nan,nan,nan,nan,nan,nan,nan,nan,nan,nan,nan,nan,nan,nan,0,0.72672,5,0.72672,0
nan,nan,nan,nan,nan,nan,nan,nan,nan,nan,nan,nan,nan,nan,nan,0,0.72808,5,0.72808,0
nan,nan,nan,nan,nan,nan,nan,nan,nan,nan,nan,nan,nan,nan,nan,0,0.72944,5,0.72944,0
nan,nan,nan,nan,nan,nan,nan,nan,nan,nan,nan,nan,nan,nan,nan,0,0.7308,5,0.7308,0
nan,nan,nan,nan,nan,nan,nan,nan,nan,nan,nan,nan,nan,nan,nan,0,0.73216,5,0.73216,0
nan,nan,nan,nan,nan,nan,nan,nan,nan,nan,nan,nan,nan,nan,nan,0,0.73353,5,0.73353,0
nan,nan,nan,nan,nan,nan,nan,nan,nan,nan,nan,nan,nan,nan,nan,0,0.73489,5,0.73489,0
nan,nan,nan,nan,nan,nan,nan,nan,nan,nan,nan,nan,nan,nan,nan,0,0.73625,5,0.73625,0
nan,nan,nan,nan,nan,nan,nan,nan,nan,nan,nan,nan,nan,nan,nan,0,0.73761,5,0.73761,0
nan,nan,nan,nan,nan,nan,nan,nan,nan,nan,nan,nan,nan,nan,nan,0,0.73897,5,0.73897,0
nan,nan,nan,nan,nan,nan,nan,nan,nan,nan,nan,nan,nan,nan,nan,0,0.74033,5,0.74033,0
nan,nan,nan,nan,nan,nan,nan,nan,nan,nan,nan,nan,nan,nan,nan,0,0.74169,5,0.74169,0
nan,nan,nan,nan,nan,nan,nan,nan,nan,nan,nan,nan,nan,nan,nan,0,0.74305,5,0.74305,0
nan,nan,nan,nan,nan,nan,nan,nan,nan,nan,nan,nan,nan,nan,nan,0,0.74441,5,0.74441,0
nan,nan,nan,nan,nan,nan,nan,nan,nan,nan,nan,nan,nan,nan,nan,0,0.74577,5,0.74577,0
nan,nan,nan,nan,nan,nan,nan,nan,nan,nan,nan,nan,nan,nan,nan,0,0.74713,5,0.74713,0
nan,nan,nan,nan,nan,nan,nan,nan,nan,nan,nan,nan,nan,nan,nan,0,0.74849,5,0.74849,0
nan,nan,nan,nan,nan,nan,nan,nan,nan,nan,nan,nan,nan,nan,nan,0,0.74986,5,0.74986,0
nan,nan,nan,nan,nan,nan,nan,nan,nan,nan,nan,nan,nan,nan,nan,0,0.75122,5,0.75122,0
nan,nan,nan,nan,nan,nan,nan,nan,nan,nan,nan,nan,nan,nan,nan,0,0.75258,5,0.75258,0
nan,nan,nan,nan,nan,nan,nan,nan,nan,nan,nan,nan,nan,nan,nan,0,0.75394,5,0.75394,0
nan,nan,nan,nan,nan,nan,nan,nan,nan,nan,nan,nan,nan,nan,nan,0,0.7553,5,0.7553,0
nan,nan,nan,nan,nan,nan,nan,nan,nan,nan,nan,nan,nan,nan,nan,0,0.75666,5,0.75666,0
nan,nan,nan,nan,nan,nan,nan,nan,nan,nan,nan,nan,nan,nan,nan,0,0.75802,5,0.75802,0
nan,nan,nan,nan,nan,nan,nan,nan,nan,nan,nan,nan,nan,nan,nan,0,0.75938,5,0.75938,0
nan,nan,nan,nan,nan,nan,nan,nan,nan,nan,nan,nan,nan,nan,nan,0,0.76074,5,0.76074,0
nan,nan,nan,nan,nan,nan,nan,nan,nan,nan,nan,nan,nan,nan,nan,0,0.7621,5,0.7621,0
nan,nan,nan,nan,nan,nan,nan,nan,nan,nan,nan,nan,nan,nan,nan,0,0.76346,5,0.76346,0
nan,nan,nan,nan,nan,nan,nan,nan,nan,nan,nan,nan,nan,nan,nan,0,0.76483,5,0.76483,0
nan,nan,nan,nan,nan,nan,nan,nan,nan,nan,nan,nan,nan,nan,nan,0,0.76619,5,0.76619,0
nan,nan,nan,nan,nan,nan,nan,nan,nan,nan,nan,nan,nan,nan,nan,0,0.76755,5,0.76755,0
nan,nan,nan,nan,nan,nan,nan,nan,nan,nan,nan,nan,nan,nan,nan,0,0.76891,5,0.76891,0
nan,nan,nan,nan,nan,nan,nan,nan,nan,nan,nan,nan,nan,nan,nan,0,0.77027,5,0.77027,0
nan,nan,nan,nan,nan,nan,nan,nan,nan,nan,nan,nan,nan,nan,nan,0,0.77163,5,0.77163,0
nan,nan,nan,nan,nan,nan,nan,nan,nan,nan,nan,nan,nan,nan,nan,0,0.77299,5,0.77299,0
nan,nan,nan,nan,nan,nan,nan,nan,nan,nan,nan,nan,nan,nan,nan,0,0.77435,5,0.77435,0
nan,nan,nan,nan,nan,nan,nan,nan,nan,nan,nan,nan,nan,nan,nan,0,0.77571,5,0.77571,0
nan,nan,nan,nan,nan,nan,nan,nan,nan,nan,nan,nan,nan,nan,nan,0,0.77707,5,0.77707,0
nan,nan,nan,nan,nan,nan,nan,nan,nan,nan,nan,nan,nan,nan,nan,0,0.77843,5,0.77843,0
nan,nan,nan,nan,nan,nan,nan,nan,nan,nan,nan,nan,nan,nan,nan,0,0.7798,5,0.7798,0
nan,nan,nan,nan,nan,nan,nan,nan,nan,nan,nan,nan,nan,nan,nan,0,0.78116,5,0.78116,0
nan,nan,nan,nan,nan,nan,nan,nan,nan,nan,nan,nan,nan,nan,nan,0,0.78252,5,0.78252,0
nan,nan,nan,nan,nan,nan,nan,nan,nan,nan,nan,nan,nan,nan,nan,0,0.78388,5,0.78388,0
nan,nan,nan,nan,nan,nan,nan,nan,nan,nan,nan,nan,nan,nan,nan,0,0.78524,5,0.78524,0
nan,nan,nan,nan,nan,nan,nan,nan,nan,nan,nan,nan,nan,nan,nan,0,0.7866,5,0.7866,0
nan,nan,nan,nan,nan,nan,nan,nan,nan,nan,nan,nan,nan,nan,nan,0,0.78796,5,0.78796,0
nan,nan,nan,nan,nan,nan,nan,nan,nan,nan,nan,nan,nan,nan,nan,0,0.78932,5,0.78932,0
nan,nan,nan,nan,nan,nan,nan,nan,nan,nan,nan,nan,nan,nan,nan,0,0.79068,5,0.79068,0
nan,nan,nan,nan,nan,nan,nan,nan,nan,nan,nan,nan,nan,nan,nan,0,0.79204,5,0.79204,0
nan,nan,nan,nan,nan,nan,nan,nan,nan,nan,nan,nan,nan,nan,nan,0,0.7934,5,0.7934,0
nan,nan,nan,nan,nan,nan,nan,nan,nan,nan,nan,nan,nan,nan,nan,0,0.79477,5,0.79477,0
nan,nan,nan,nan,nan,nan,nan,nan,nan,nan,nan,nan,nan,nan,nan,0,0.79613,5,0.79613,0
nan,nan,nan,nan,nan,nan,nan,nan,nan,nan,nan,nan,nan,nan,nan,0,0.79749,5,0.79749,0
nan,nan,nan,nan,nan,nan,nan,nan,nan,nan,nan,nan,nan,nan,nan,0,0.79885,5,0.79885,0
nan,nan,nan,nan,nan,nan,nan,nan,nan,nan,nan,nan,nan,nan,nan,0,0.80021,5,0.80021,0
nan,nan,nan,nan,nan,nan,nan,nan,nan,nan,nan,nan,nan,nan,nan,0,0.80157,5,0.80157,0
nan,nan,nan,nan,nan,nan,nan,nan,nan,nan,nan,nan,nan,nan,nan,0,0.80293,5,0.80293,0
nan,nan,nan,nan,nan,nan,nan,nan,nan,nan,nan,nan,nan,nan,nan,0,0.80429,5,0.80429,0
nan,nan,nan,nan,nan,nan,nan,nan,nan,nan,nan,nan,nan,nan,nan,0,0.80565,5,0.80565,0
nan,nan,nan,nan,nan,nan,nan,nan,nan,nan,nan,nan,nan,nan,nan,0,0.80701,5,0.80701,0
nan,nan,nan,nan,nan,nan,nan,nan,nan,nan,nan,nan,nan,nan,nan,0,0.80837,5,0.80837,0
nan,nan,nan,nan,nan,nan,nan,nan,nan,nan,nan,nan,nan,nan,nan,0,0.80974,5,0.80974,0
nan,nan,nan,nan,nan,nan,nan,nan,nan,nan,nan,nan,nan,nan,nan,0,0.8111,5,0.8111,0
nan,nan,nan,nan,nan,nan,nan,nan,nan,nan,nan,nan,nan,nan,nan,0,0.81246,5,0.81246,0
nan,nan,nan,nan,nan,nan,nan,nan,nan,nan,nan,nan,nan,nan,nan,0,0.81382,5,0.81382,0
nan,nan,nan,nan,nan,nan,nan,nan,nan,nan,nan,nan,nan,nan,nan,0,0.81518,5,0.81518,0
nan,nan,nan,nan,nan,nan,nan,nan,nan,nan,nan,nan,nan,nan,nan,0,0.81654,5,0.81654,0
nan,nan,nan,nan,nan,nan,nan,nan,nan,nan,nan,nan,nan,nan,nan,0,0.8179,5,0.8179,0
nan,nan,nan,nan,nan,nan,nan,nan,nan,nan,nan,nan,nan,nan,nan,0,0.81926,5,0.81926,0
nan,nan,nan,nan,nan,nan,nan,nan,nan,nan,nan,nan,nan,nan,nan,0,0.82062,5,0.82062,0
nan,nan,nan,nan,nan,nan,nan,nan,nan,nan,nan,nan,nan,nan,nan,0,0.82198,5,0.82198,0
nan,nan,nan,nan,nan,nan,nan,nan,nan,nan,nan,nan,nan,nan,nan,0,0.82334,5,0.82334,0
nan,nan,nan,nan,nan,nan,nan,nan,nan,nan,nan,nan,nan,nan,nan,0,0.82471,5,0.82471,0
nan,nan,nan,nan,nan,nan,nan,nan,nan,nan,nan,nan,nan,nan,nan,0,0.82607,5,0.82607,0
nan,nan,nan,nan,nan,nan,nan,nan,nan,nan,nan,nan,nan,nan,nan,0,0.82743,5,0.82743,0
nan,nan,nan,nan,nan,nan,nan,nan,nan,nan,nan,nan,nan,nan,nan,0,0.82879,5,0.82879,0
nan,nan,nan,nan,nan,nan,nan,nan,nan,nan,nan,nan,nan,nan,nan,0,0.83015,5,0.83015,0
nan,nan,nan,nan,nan,nan,nan,nan,nan,nan,nan,nan,nan,nan,nan,0,0.83151,5,0.83151,0
nan,nan,nan,nan,nan,nan,nan,nan,nan,nan,nan,nan,nan,nan,nan,0,0.83287,5,0.83287,0
nan,nan,nan,nan,nan,nan,nan,nan,nan,nan,nan,nan,nan,nan,nan,0,0.83423,5,0.83423,0
nan,nan,nan,nan,nan,nan,nan,nan,nan,nan,nan,nan,nan,nan,nan,0,0.83559,5,0.83559,0
nan,nan,nan,nan,nan,nan,nan,nan,nan,nan,nan,nan,nan,nan,nan,0,0.83695,5,0.83695,0
nan,nan,nan,nan,nan,nan,nan,nan,nan,nan,nan,nan,nan,nan,nan,0,0.83831,5,0.83831,0
nan,nan,nan,nan,nan,nan,nan,nan,nan,nan,nan,nan,nan,nan,nan,0,0.83968,5,0.83968,0
nan,nan,nan,nan,nan,nan,nan,nan,nan,nan,nan,nan,nan,nan,nan,0,0.84104,5,0.84104,0
nan,nan,nan,nan,nan,nan,nan,nan,nan,nan,nan,nan,nan,nan,nan,0,0.8424,5,0.8424,0
nan,nan,nan,nan,nan,nan,nan,nan,nan,nan,nan,nan,nan,nan,nan,0,0.84376,5,0.84376,0
nan,nan,nan,nan,nan,nan,nan,nan,nan,nan,nan,nan,nan,nan,nan,0,0.84512,5,0.84512,0
nan,nan,nan,nan,nan,nan,nan,nan,nan,nan,nan,nan,nan,nan,nan,0,0.84648,5,0.84648,0
nan,nan,nan,nan,nan,nan,nan,nan,nan,nan,nan,nan,nan,nan,nan,0,0.84784,5,0.84784,0
nan,nan,nan,nan,nan,nan,nan,nan,nan,nan,nan,nan,nan,nan,nan,0,0.8492,5,0.8492,0
nan,nan,nan,nan,nan,nan,nan,nan,nan,nan,nan,nan,nan,nan,nan,0,0.85056,5,0.85056,0
nan,nan,nan,nan,nan,nan,nan,nan,nan,nan,nan,nan,nan,nan,nan,0,0.85192,5,0.85192,0
nan,nan,nan,nan,nan,nan,nan,nan,nan,nan,nan,nan,nan,nan,nan,0,0.85328,5,0.85328,0
nan,nan,nan,nan,nan,nan,nan,nan,nan,nan,nan,nan,nan,nan,nan,0,0.85465,5,0.85465,0
nan,nan,nan,nan,nan,nan,nan,nan,nan,nan,nan,nan,nan,nan,nan,0,0.85601,5,0.85601,0
nan,nan,nan,nan,nan,nan,nan,nan,nan,nan,nan,nan,nan,nan,nan,0,0.85737,5,0.85737,0
nan,nan,nan,nan,nan,nan,nan,nan,nan,nan,nan,nan,nan,nan,nan,0,0.85873,5,0.85873,0
nan,nan,nan,nan,nan,nan,nan,nan,nan,nan,nan,nan,nan,nan,nan,0,0.86009,5,0.86009,0
nan,nan,nan,nan,nan,nan,nan,nan,nan,nan,nan,nan,nan,nan,nan,0,0.86145,5,0.86145,0
nan,nan,nan,nan,nan,nan,nan,nan,nan,nan,nan,nan,nan,nan,nan,0,0.86281,5,0.86281,0
nan,nan,nan,nan,nan,nan,nan,nan,nan,nan,nan,nan,nan,nan,nan,0,0.86417,5,0.86417,0
nan,nan,nan,nan,nan,nan,nan,nan,nan,nan,nan,nan,nan,nan,nan,0,0.86553,5,0.86553,0
nan,nan,nan,nan,nan,nan,nan,nan,nan,nan,nan,nan,nan,nan,nan,0,0.86689,5,0.86689,0
nan,nan,nan,nan,nan,nan,nan,nan,nan,nan,nan,nan,nan,nan,nan,0,0.86825,5,0.86825,0
nan,nan,nan,nan,nan,nan,nan,nan,nan,nan,nan,nan,nan,nan,nan,0,0.86962,5,0.86962,0
nan,nan,nan,nan,nan,nan,nan,nan,nan,nan,nan,nan,nan,nan,nan,0,0.87098,5,0.87098,0
nan,nan,nan,nan,nan,nan,nan,nan,nan,nan,nan,nan,nan,nan,nan,0,0.87234,5,0.87234,0
nan,nan,nan,nan,nan,nan,nan,nan,nan,nan,nan,nan,nan,nan,nan,0,0.8737,5,0.8737,0
nan,nan,nan,nan,nan,nan,nan,nan,nan,nan,nan,nan,nan,nan,nan,0,0.87506,5,0.87506,0
nan,nan,nan,nan,nan,nan,nan,nan,nan,nan,nan,nan,nan,nan,nan,0,0.87642,5,0.87642,0
nan,nan,nan,nan,nan,nan,nan,nan,nan,nan,nan,nan,nan,nan,nan,0,0.87778,5,0.87778,0
nan,nan,nan,nan,nan,nan,nan,nan,nan,nan,nan,nan,nan,nan,nan,0,0.87914,5,0.87914,0
nan,nan,nan,nan,nan,nan,nan,nan,nan,nan,nan,nan,nan,nan,nan,0,0.8805,5,0.8805,0
nan,nan,nan,nan,nan,nan,nan,nan,nan,nan,nan,nan,nan,nan,nan,0,0.88186,5,0.88186,0
nan,nan,nan,nan,nan,nan,nan,nan,nan,nan,nan,nan,nan,nan,nan,0,0.88322,5,0.88322,0
nan,nan,nan,nan,nan,nan,nan,nan,nan,nan,nan,nan,nan,nan,nan,0,0.88459,5,0.88459,0
nan,nan,nan,nan,nan,nan,nan,nan,nan,nan,nan,nan,nan,nan,nan,0,0.88595,5,0.88595,0
nan,nan,nan,nan,nan,nan,nan,nan,nan,nan,nan,nan,nan,nan,nan,0,0.88731,5,0.88731,0
nan,nan,nan,nan,nan,nan,nan,nan,nan,nan,nan,nan,nan,nan,nan,0,0.88867,5,0.88867,0
nan,nan,nan,nan,nan,nan,nan,nan,nan,nan,nan,nan,nan,nan,nan,0,0.89003,5,0.89003,0
nan,nan,nan,nan,nan,nan,nan,nan,nan,nan,nan,nan,nan,nan,nan,0,0.89139,5,0.89139,0
nan,nan,nan,nan,nan,nan,nan,nan,nan,nan,nan,nan,nan,nan,nan,0,0.89275,5,0.89275,0
nan,nan,nan,nan,nan,nan,nan,nan,nan,nan,nan,nan,nan,nan,nan,0,0.89411,5,0.89411,0
nan,nan,nan,nan,nan,nan,nan,nan,nan,nan,nan,nan,nan,nan,nan,0,0.89547,5,0.89547,0
nan,nan,nan,nan,nan,nan,nan,nan,nan,nan,nan,nan,nan,nan,nan,0,0.89683,5,0.89683,0
nan,nan,nan,nan,nan,nan,nan,nan,nan,nan,nan,nan,nan,nan,nan,0,0.89819,5,0.89819,0
nan,nan,nan,nan,nan,nan,nan,nan,nan,nan,nan,nan,nan,nan,nan,0,0.89955,5,0.89955,0
nan,nan,nan,nan,nan,nan,nan,nan,nan,nan,nan,nan,nan,nan,nan,0,0.90092,5,0.90092,0
nan,nan,nan,nan,nan,nan,nan,nan,nan,nan,nan,nan,nan,nan,nan,0,0.90228,5,0.90228,0
nan,nan,nan,nan,nan,nan,nan,nan,nan,nan,nan,nan,nan,nan,nan,0,0.90364,5,0.90364,0
nan,nan,nan,nan,nan,nan,nan,nan,nan,nan,nan,nan,nan,nan,nan,0,0.905,5,0.905,0
nan,nan,nan,nan,nan,nan,nan,nan,nan,nan,nan,nan,nan,nan,nan,0,0.90636,5,0.90636,0
nan,nan,nan,nan,nan,nan,nan,nan,nan,nan,nan,nan,nan,nan,nan,0,0.90772,5,0.90772,0
nan,nan,nan,nan,nan,nan,nan,nan,nan,nan,nan,nan,nan,nan,nan,0,0.90908,5,0.90908,0
nan,nan,nan,nan,nan,nan,nan,nan,nan,nan,nan,nan,nan,nan,nan,0,0.91044,5,0.91044,0
nan,nan,nan,nan,nan,nan,nan,nan,nan,nan,nan,nan,nan,nan,nan,0,0.9118,5,0.9118,0
nan,nan,nan,nan,nan,nan,nan,nan,nan,nan,nan,nan,nan,nan,nan,0,0.91316,5,0.91316,0
nan,nan,nan,nan,nan,nan,nan,nan,nan,nan,nan,nan,nan,nan,nan,0,0.91452,5,0.91452,0
nan,nan,nan,nan,nan,nan,nan,nan,nan,nan,nan,nan,nan,nan,nan,0,0.91589,5,0.91589,0
nan,nan,nan,nan,nan,nan,nan,nan,nan,nan,nan,nan,nan,nan,nan,0,0.91725,5,0.91725,0
nan,nan,nan,nan,nan,nan,nan,nan,nan,nan,nan,nan,nan,nan,nan,0,0.91861,5,0.91861,0
nan,nan,nan,nan,nan,nan,nan,nan,nan,nan,nan,nan,nan,nan,nan,0,0.91997,5,0.91997,0
nan,nan,nan,nan,nan,nan,nan,nan,nan,nan,nan,nan,nan,nan,nan,0,0.92133,5,0.92133,0
nan,nan,nan,nan,nan,nan,nan,nan,nan,nan,nan,nan,nan,nan,nan,0,0.92269,5,0.92269,0
nan,nan,nan,nan,nan,nan,nan,nan,nan,nan,nan,nan,nan,nan,nan,0,0.92405,5,0.92405,0
nan,nan,nan,nan,nan,nan,nan,nan,nan,nan,nan,nan,nan,nan,nan,0,0.92541,5,0.92541,0
nan,nan,nan,nan,nan,nan,nan,nan,nan,nan,nan,nan,nan,nan,nan,0,0.92677,5,0.92677,0
nan,nan,nan,nan,nan,nan,nan,nan,nan,nan,nan,nan,nan,nan,nan,0,0.92813,5,0.92813,0
nan,nan,nan,nan,nan,nan,nan,nan,nan,nan,nan,nan,nan,nan,nan,0,0.92949,5,0.92949,0
nan,nan,nan,nan,nan,nan,nan,nan,nan,nan,nan,nan,nan,nan,nan,0,0.93086,5,0.93086,0
nan,nan,nan,nan,nan,nan,nan,nan,nan,nan,nan,nan,nan,nan,nan,0,0.93222,5,0.93222,0
nan,nan,nan,nan,nan,nan,nan,nan,nan,nan,nan,nan,nan,nan,nan,0,0.93358,5,0.93358,0
nan,nan,nan,nan,nan,nan,nan,nan,nan,nan,nan,nan,nan,nan,nan,0,0.93494,5,0.93494,0
nan,nan,nan,nan,nan,nan,nan,nan,nan,nan,nan,nan,nan,nan,nan,0,0.9363,5,0.9363,0
nan,nan,nan,nan,nan,nan,nan,nan,nan,nan,nan,nan,nan,nan,nan,0,0.93766,5,0.93766,0
nan,nan,nan,nan,nan,nan,nan,nan,nan,nan,nan,nan,nan,nan,nan,0,0.93902,5,0.93902,0
nan,nan,nan,nan,nan,nan,nan,nan,nan,nan,nan,nan,nan,nan,nan,0,0.94038,5,0.94038,0
nan,nan,nan,nan,nan,nan,nan,nan,nan,nan,nan,nan,nan,nan,nan,0,0.94174,5,0.94174,0
nan,nan,nan,nan,nan,nan,nan,nan,nan,nan,nan,nan,nan,nan,nan,0,0.9431,5,0.9431,0
nan,nan,nan,nan,nan,nan,nan,nan,nan,nan,nan,nan,nan,nan,nan,0,0.94446,5,0.94446,0
nan,nan,nan,nan,nan,nan,nan,nan,nan,nan,nan,nan,nan,nan,nan,0,0.94583,5,0.94583,0
nan,nan,nan,nan,nan,nan,nan,nan,nan,nan,nan,nan,nan,nan,nan,0,0.94719,5,0.94719,0
nan,nan,nan,nan,nan,nan,nan,nan,nan,nan,nan,nan,nan,nan,nan,0,0.94855,5,0.94855,0
nan,nan,nan,nan,nan,nan,nan,nan,nan,nan,nan,nan,nan,nan,nan,0,0.94991,5,0.94991,0
nan,nan,nan,nan,nan,nan,nan,nan,nan,nan,nan,nan,nan,nan,nan,0,0.95127,5,0.95127,0
nan,nan,nan,nan,nan,nan,nan,nan,nan,nan,nan,nan,nan,nan,nan,0,0.95263,5,0.95263,0
nan,nan,nan,nan,nan,nan,nan,nan,nan,nan,nan,nan,nan,nan,nan,0,0.95399,5,0.95399,0
nan,nan,nan,nan,nan,nan,nan,nan,nan,nan,nan,nan,nan,nan,nan,0,0.95535,5,0.95535,0
nan,nan,nan,nan,nan,nan,nan,nan,nan,nan,nan,nan,nan,nan,nan,0,0.95671,5,0.95671,0
nan,nan,nan,nan,nan,nan,nan,nan,nan,nan,nan,nan,nan,nan,nan,0,0.95807,5,0.95807,0
nan,nan,nan,nan,nan,nan,nan,nan,nan,nan,nan,nan,nan,nan,nan,0,0.95943,5,0.95943,0
nan,nan,nan,nan,nan,nan,nan,nan,nan,nan,nan,nan,nan,nan,nan,0,0.9608,5,0.9608,0
nan,nan,nan,nan,nan,nan,nan,nan,nan,nan,nan,nan,nan,nan,nan,0,0.96216,5,0.96216,0
nan,nan,nan,nan,nan,nan,nan,nan,nan,nan,nan,nan,nan,nan,nan,0,0.96352,5,0.96352,0
nan,nan,nan,nan,nan,nan,nan,nan,nan,nan,nan,nan,nan,nan,nan,0,0.96488,5,0.96488,0
nan,nan,nan,nan,nan,nan,nan,nan,nan,nan,nan,nan,nan,nan,nan,0,0.96624,5,0.96624,0
nan,nan,nan,nan,nan,nan,nan,nan,nan,nan,nan,nan,nan,nan,nan,0,0.9676,5,0.9676,0
nan,nan,nan,nan,nan,nan,nan,nan,nan,nan,nan,nan,nan,nan,nan,0,0.96896,5,0.96896,0
nan,nan,nan,nan,nan,nan,nan,nan,nan,nan,nan,nan,nan,nan,nan,0,0.97032,5,0.97032,0
nan,nan,nan,nan,nan,nan,nan,nan,nan,nan,nan,nan,nan,nan,nan,0,0.97168,5,0.97168,0
nan,nan,nan,nan,nan,nan,nan,nan,nan,nan,nan,nan,nan,nan,nan,0,0.97304,5,0.97304,0
nan,nan,nan,nan,nan,nan,nan,nan,nan,nan,nan,nan,nan,nan,nan,0,0.9744,5,0.9744,0
nan,nan,nan,nan,nan,nan,nan,nan,nan,nan,nan,nan,nan,nan,nan,0,0.97577,5,0.97577,0
nan,nan,nan,nan,nan,nan,nan,nan,nan,nan,nan,nan,nan,nan,nan,0,0.97713,5,0.97713,0
nan,nan,nan,nan,nan,nan,nan,nan,nan,nan,nan,nan,nan,nan,nan,0,0.97849,5,0.97849,0
nan,nan,nan,nan,nan,nan,nan,nan,nan,nan,nan,nan,nan,nan,nan,0,0.97985,5,0.97985,0
nan,nan,nan,nan,nan,nan,nan,nan,nan,nan,nan,nan,nan,nan,nan,0,0.98121,5,0.98121,0
nan,nan,nan,nan,nan,nan,nan,nan,nan,nan,nan,nan,nan,nan,nan,0,0.98257,5,0.98257,0
nan,nan,nan,nan,nan,nan,nan,nan,nan,nan,nan,nan,nan,nan,nan,0,0.98393,5,0.98393,0
nan,nan,nan,nan,nan,nan,nan,nan,nan,nan,nan,nan,nan,nan,nan,0,0.98529,5,0.98529,0
nan,nan,nan,nan,nan,nan,nan,nan,nan,nan,nan,nan,nan,nan,nan,0,0.98665,5,0.98665,0
nan,nan,nan,nan,nan,nan,nan,nan,nan,nan,nan,nan,nan,nan,nan,0,0.98801,5,0.98801,0
nan,nan,nan,nan,nan,nan,nan,nan,nan,nan,nan,nan,nan,nan,nan,0,0.98937,5,0.98937,0
nan,nan,nan,nan,nan,nan,nan,nan,nan,nan,nan,nan,nan,nan,nan,0,0.99074,5,0.99074,0
nan,nan,nan,nan,nan,nan,nan,nan,nan,nan,nan,nan,nan,nan,nan,0,0.9921,5,0.9921,0
nan,nan,nan,nan,nan,nan,nan,nan,nan,nan,nan,nan,nan,nan,nan,0,0.99346,5,0.99346,0
nan,nan,nan,nan,nan,nan,nan,nan,nan,nan,nan,nan,nan,nan,nan,0,0.99482,5,0.99482,0
nan,nan,nan,nan,nan,nan,nan,nan,nan,nan,nan,nan,nan,nan,nan,0,0.99618,5,0.99618,0
nan,nan,nan,nan,nan,nan,nan,nan,nan,nan,nan,nan,nan,nan,nan,0,0.99754,5,0.99754,0
nan,nan,nan,nan,nan,nan,nan,nan,nan,nan,nan,nan,nan,nan,nan,0,0.9989,5,0.9989,0
nan,nan,nan,nan,nan,nan,nan,nan,nan,nan,nan,nan,nan,nan,nan,0,1.0003,5,1.0003,0
nan,nan,nan,nan,nan,nan,nan,nan,nan,nan,nan,nan,nan,nan,nan,0,1.0016,5,1.0016,0
nan,nan,nan,nan,nan,nan,nan,nan,nan,nan,nan,nan,nan,nan,nan,0,1.003,5,1.003,0
nan,nan,nan,nan,nan,nan,nan,nan,nan,nan,nan,nan,nan,nan,nan,0,1.0043,5,1.0043,0
nan,nan,nan,nan,nan,nan,nan,nan,nan,nan,nan,nan,nan,nan,nan,0,1.0057,5,1.0057,0
nan,nan,nan,nan,nan,nan,nan,nan,nan,nan,nan,nan,nan,nan,nan,0,1.0071,5,1.0071,0
nan,nan,nan,nan,nan,nan,nan,nan,nan,nan,nan,nan,nan,nan,nan,0,1.0084,5,1.0084,0
nan,nan,nan,nan,nan,nan,nan,nan,nan,nan,nan,nan,nan,nan,nan,0,1.0098,5,1.0098,0
nan,nan,nan,nan,nan,nan,nan,nan,nan,nan,nan,nan,nan,nan,nan,0,1.0111,5,1.0111,0
nan,nan,nan,nan,nan,nan,nan,nan,nan,nan,nan,nan,nan,nan,nan,0,1.0125,5,1.0125,0
nan,nan,nan,nan,nan,nan,nan,nan,nan,nan,nan,nan,nan,nan,nan,0,1.0139,5,1.0139,0
nan,nan,nan,nan,nan,nan,nan,nan,nan,nan,nan,nan,nan,nan,nan,0,1.0152,5,1.0152,0
nan,nan,nan,nan,nan,nan,nan,nan,nan,nan,nan,nan,nan,nan,nan,0,1.0166,5,1.0166,0
nan,nan,nan,nan,nan,nan,nan,nan,nan,nan,nan,nan,nan,nan,nan,0,1.018,5,1.018,0
nan,nan,nan,nan,nan,nan,nan,nan,nan,nan,nan,nan,nan,nan,nan,0,1.0193,5,1.0193,0
nan,nan,nan,nan,nan,nan,nan,nan,nan,nan,nan,nan,nan,nan,nan,0,1.0207,5,1.0207,0
nan,nan,nan,nan,nan,nan,nan,nan,nan,nan,nan,nan,nan,nan,nan,0,1.022,5,1.022,0
nan,nan,nan,nan,nan,nan,nan,nan,nan,nan,nan,nan,nan,nan,nan,0,1.0234,5,1.0234,0
nan,nan,nan,nan,nan,nan,nan,nan,nan,nan,nan,nan,nan,nan,nan,0,1.0248,5,1.0248,0
nan,nan,nan,nan,nan,nan,nan,nan,nan,nan,nan,nan,nan,nan,nan,0,1.0261,5,1.0261,0
nan,nan,nan,nan,nan,nan,nan,nan,nan,nan,nan,nan,nan,nan,nan,0,1.0275,5,1.0275,0
nan,nan,nan,nan,nan,nan,nan,nan,nan,nan,nan,nan,nan,nan,nan,0,1.0288,5,1.0288,0
nan,nan,nan,nan,nan,nan,nan,nan,nan,nan,nan,nan,nan,nan,nan,0,1.0302,5,1.0302,0
nan,nan,nan,nan,nan,nan,nan,nan,nan,nan,nan,nan,nan,nan,nan,0,1.0316,5,1.0316,0
nan,nan,nan,nan,nan,nan,nan,nan,nan,nan,nan,nan,nan,nan,nan,0,1.0329,5,1.0329,0
nan,nan,nan,nan,nan,nan,nan,nan,nan,nan,nan,nan,nan,nan,nan,0,1.0343,5,1.0343,0
nan,nan,nan,nan,nan,nan,nan,nan,nan,nan,nan,nan,nan,nan,nan,0,1.0356,5,1.0356,0
nan,nan,nan,nan,nan,nan,nan,nan,nan,nan,nan,nan,nan,nan,nan,0,1.037,5,1.037,0
nan,nan,nan,nan,nan,nan,nan,nan,nan,nan,nan,nan,nan,nan,nan,0,1.0384,5,1.0384,0
nan,nan,nan,nan,nan,nan,nan,nan,nan,nan,nan,nan,nan,nan,nan,0,1.0397,5,1.0397,0
nan,nan,nan,nan,nan,nan,nan,nan,nan,nan,nan,nan,nan,nan,nan,0,1.0411,5,1.0411,0
nan,nan,nan,nan,nan,nan,nan,nan,nan,nan,nan,nan,nan,nan,nan,0,1.0424,5,1.0424,0
nan,nan,nan,nan,nan,nan,nan,nan,nan,nan,nan,nan,nan,nan,nan,0,1.0438,5,1.0438,0
nan,nan,nan,nan,nan,nan,nan,nan,nan,nan,nan,nan,nan,nan,nan,0,1.0452,5,1.0452,0
nan,nan,nan,nan,nan,nan,nan,nan,nan,nan,nan,nan,nan,nan,nan,0,1.0465,5,1.0465,0
nan,nan,nan,nan,nan,nan,nan,nan,nan,nan,nan,nan,nan,nan,nan,0,1.0479,5,1.0479,0
nan,nan,nan,nan,nan,nan,nan,nan,nan,nan,nan,nan,nan,nan,nan,0,1.0493,5,1.0493,0
nan,nan,nan,nan,nan,nan,nan,nan,nan,nan,nan,nan,nan,nan,nan,0,1.0506,5,1.0506,0
nan,nan,nan,nan,nan,nan,nan,nan,nan,nan,nan,nan,nan,nan,nan,0,1.052,5,1.052,0
nan,nan,nan,nan,nan,nan,nan,nan,nan,nan,nan,nan,nan,nan,nan,0,1.0533,5,1.0533,0
nan,nan,nan,nan,nan,nan,nan,nan,nan,nan,nan,nan,nan,nan,nan,0,1.0547,5,1.0547,0
nan,nan,nan,nan,nan,nan,nan,nan,nan,nan,nan,nan,nan,nan,nan,0,1.0561,5,1.0561,0
nan,nan,nan,nan,nan,nan,nan,nan,nan,nan,nan,nan,nan,nan,nan,0,1.0574,5,1.0574,0
nan,nan,nan,nan,nan,nan,nan,nan,nan,nan,nan,nan,nan,nan,nan,0,1.0588,5,1.0588,0
nan,nan,nan,nan,nan,nan,nan,nan,nan,nan,nan,nan,nan,nan,nan,0,1.0601,5,1.0601,0
nan,nan,nan,nan,nan,nan,nan,nan,nan,nan,nan,nan,nan,nan,nan,0,1.0615,5,1.0615,0
nan,nan,nan,nan,nan,nan,nan,nan,nan,nan,nan,nan,nan,nan,nan,0,1.0629,5,1.0629,0
nan,nan,nan,nan,nan,nan,nan,nan,nan,nan,nan,nan,nan,nan,nan,0,1.0642,5,1.0642,0
nan,nan,nan,nan,nan,nan,nan,nan,nan,nan,nan,nan,nan,nan,nan,0,1.0656,5,1.0656,0
nan,nan,nan,nan,nan,nan,nan,nan,nan,nan,nan,nan,nan,nan,nan,0,1.0669,5,1.0669,0
nan,nan,nan,nan,nan,nan,nan,nan,nan,nan,nan,nan,nan,nan,nan,0,1.0683,5,1.0683,0
nan,nan,nan,nan,nan,nan,nan,nan,nan,nan,nan,nan,nan,nan,nan,0,1.0697,5,1.0697,0
nan,nan,nan,nan,nan,nan,nan,nan,nan,nan,nan,nan,nan,nan,nan,0,1.071,5,1.071,0
nan,nan,nan,nan,nan,nan,nan,nan,nan,nan,nan,nan,nan,nan,nan,0,1.0724,5,1.0724,0
nan,nan,nan,nan,nan,nan,nan,nan,nan,nan,nan,nan,nan,nan,nan,0,1.0738,5,1.0738,0
nan,nan,nan,nan,nan,nan,nan,nan,nan,nan,nan,nan,nan,nan,nan,0,1.0751,5,1.0751,0
nan,nan,nan,nan,nan,nan,nan,nan,nan,nan,nan,nan,nan,nan,nan,0,1.0765,5,1.0765,0
nan,nan,nan,nan,nan,nan,nan,nan,nan,nan,nan,nan,nan,nan,nan,0,1.0778,5,1.0778,0
nan,nan,nan,nan,nan,nan,nan,nan,nan,nan,nan,nan,nan,nan,nan,0,1.0792,5,1.0792,0
nan,nan,nan,nan,nan,nan,nan,nan,nan,nan,nan,nan,nan,nan,nan,0,1.0806,5,1.0806,0
nan,nan,nan,nan,nan,nan,nan,nan,nan,nan,nan,nan,nan,nan,nan,0,1.0819,5,1.0819,0
nan,nan,nan,nan,nan,nan,nan,nan,nan,nan,nan,nan,nan,nan,nan,0,1.0833,5,1.0833,0
nan,nan,nan,nan,nan,nan,nan,nan,nan,nan,nan,nan,nan,nan,nan,0,1.0846,5,1.0846,0
nan,nan,nan,nan,nan,nan,nan,nan,nan,nan,nan,nan,nan,nan,nan,0,1.086,5,1.086,0
nan,nan,nan,nan,nan,nan,nan,nan,nan,nan,nan,nan,nan,nan,nan,0,1.0874,5,1.0874,0
nan,nan,nan,nan,nan,nan,nan,nan,nan,nan,nan,nan,nan,nan,nan,0,1.0887,5,1.0887,0
nan,nan,nan,nan,nan,nan,nan,nan,nan,nan,nan,nan,nan,nan,nan,0,1.0901,5,1.0901,0
nan,nan,nan,nan,nan,nan,nan,nan,nan,nan,nan,nan,nan,nan,nan,0,1.0914,5,1.0914,0
nan,nan,nan,nan,nan,nan,nan,nan,nan,nan,nan,nan,nan,nan,nan,0,1.0928,5,1.0928,0
nan,nan,nan,nan,nan,nan,nan,nan,nan,nan,nan,nan,nan,nan,nan,0,1.0942,5,1.0942,0
nan,nan,nan,nan,nan,nan,nan,nan,nan,nan,nan,nan,nan,nan,nan,0,1.0955,5,1.0955,0
nan,nan,nan,nan,nan,nan,nan,nan,nan,nan,nan,nan,nan,nan,nan,0,1.0969,5,1.0969,0
nan,nan,nan,nan,nan,nan,nan,nan,nan,nan,nan,nan,nan,nan,nan,0,1.0982,5,1.0982,0
nan,nan,nan,nan,nan,nan,nan,nan,nan,nan,nan,nan,nan,nan,nan,0,1.0996,5,1.0996,0
nan,nan,nan,nan,nan,nan,nan,nan,nan,nan,nan,nan,nan,nan,nan,0,1.101,5,1.101,0
nan,nan,nan,nan,nan,nan,nan,nan,nan,nan,nan,nan,nan,nan,nan,0,1.1023,5,1.1023,0
nan,nan,nan,nan,nan,nan,nan,nan,nan,nan,nan,nan,nan,nan,nan,0,1.1037,5,1.1037,0
nan,nan,nan,nan,nan,nan,nan,nan,nan,nan,nan,nan,nan,nan,nan,0,1.1051,5,1.1051,0
nan,nan,nan,nan,nan,nan,nan,nan,nan,nan,nan,nan,nan,nan,nan,0,1.1064,5,1.1064,0
nan,nan,nan,nan,nan,nan,nan,nan,nan,nan,nan,nan,nan,nan,nan,0,1.1078,5,1.1078,0
nan,nan,nan,nan,nan,nan,nan,nan,nan,nan,nan,nan,nan,nan,nan,0,1.1091,5,1.1091,0
nan,nan,nan,nan,nan,nan,nan,nan,nan,nan,nan,nan,nan,nan,nan,0,1.1105,5,1.1105,0
nan,nan,nan,nan,nan,nan,nan,nan,nan,nan,nan,nan,nan,nan,nan,0,1.1119,5,1.1119,0
nan,nan,nan,nan,nan,nan,nan,nan,nan,nan,nan,nan,nan,nan,nan,0,1.1132,5,1.1132,0
nan,nan,nan,nan,nan,nan,nan,nan,nan,nan,nan,nan,nan,nan,nan,0,1.1146,5,1.1146,0
nan,nan,nan,nan,nan,nan,nan,nan,nan,nan,nan,nan,nan,nan,nan,0,1.1159,5,1.1159,0
nan,nan,nan,nan,nan,nan,nan,nan,nan,nan,nan,nan,nan,nan,nan,0,1.1173,5,1.1173,0
nan,nan,nan,nan,nan,nan,nan,nan,nan,nan,nan,nan,nan,nan,nan,0,1.1187,5,1.1187,0
nan,nan,nan,nan,nan,nan,nan,nan,nan,nan,nan,nan,nan,nan,nan,0,1.12,5,1.12,0
nan,nan,nan,nan,nan,nan,nan,nan,nan,nan,nan,nan,nan,nan,nan,0,1.1214,5,1.1214,0
nan,nan,nan,nan,nan,nan,nan,nan,nan,nan,nan,nan,nan,nan,nan,0,1.1227,5,1.1227,0
nan,nan,nan,nan,nan,nan,nan,nan,nan,nan,nan,nan,nan,nan,nan,0,1.1241,5,1.1241,0
nan,nan,nan,nan,nan,nan,nan,nan,nan,nan,nan,nan,nan,nan,nan,0,1.1255,5,1.1255,0
nan,nan,nan,nan,nan,nan,nan,nan,nan,nan,nan,nan,nan,nan,nan,0,1.1268,5,1.1268,0
nan,nan,nan,nan,nan,nan,nan,nan,nan,nan,nan,nan,nan,nan,nan,0,1.1282,5,1.1282,0
nan,nan,nan,nan,nan,nan,nan,nan,nan,nan,nan,nan,nan,nan,nan,0,1.1295,5,1.1295,0
nan,nan,nan,nan,nan,nan,nan,nan,nan,nan,nan,nan,nan,nan,nan,0,1.1309,5,1.1309,0
nan,nan,nan,nan,nan,nan,nan,nan,nan,nan,nan,nan,nan,nan,nan,0,1.1323,5,1.1323,0
nan,nan,nan,nan,nan,nan,nan,nan,nan,nan,nan,nan,nan,nan,nan,0,1.1336,5,1.1336,0
nan,nan,nan,nan,nan,nan,nan,nan,nan,nan,nan,nan,nan,nan,nan,0,1.135,5,1.135,0
nan,nan,nan,nan,nan,nan,nan,nan,nan,nan,nan,nan,nan,nan,nan,0,1.1364,5,1.1364,0
nan,nan,nan,nan,nan,nan,nan,nan,nan,nan,nan,nan,nan,nan,nan,0,1.1377,5,1.1377,0
nan,nan,nan,nan,nan,nan,nan,nan,nan,nan,nan,nan,nan,nan,nan,0,1.1391,5,1.1391,0
nan,nan,nan,nan,nan,nan,nan,nan,nan,nan,nan,nan,nan,nan,nan,0,1.1404,5,1.1404,0
nan,nan,nan,nan,nan,nan,nan,nan,nan,nan,nan,nan,nan,nan,nan,0,1.1418,5,1.1418,0
nan,nan,nan,nan,nan,nan,nan,nan,nan,nan,nan,nan,nan,nan,nan,0,1.1432,5,1.1432,0
nan,nan,nan,nan,nan,nan,nan,nan,nan,nan,nan,nan,nan,nan,nan,0,1.1445,5,1.1445,0
nan,nan,nan,nan,nan,nan,nan,nan,nan,nan,nan,nan,nan,nan,nan,0,1.1459,5,1.1459,0
nan,nan,nan,nan,nan,nan,nan,nan,nan,nan,nan,nan,nan,nan,nan,0,1.1472,5,1.1472,0
nan,nan,nan,nan,nan,nan,nan,nan,nan,nan,nan,nan,nan,nan,nan,0,1.1486,5,1.1486,0
nan,nan,nan,nan,nan,nan,nan,nan,nan,nan,nan,nan,nan,nan,nan,0,1.15,5,1.15,0
nan,nan,nan,nan,nan,nan,nan,nan,nan,nan,nan,nan,nan,nan,nan,0,1.1513,5,1.1513,0
nan,nan,nan,nan,nan,nan,nan,nan,nan,nan,nan,nan,nan,nan,nan,0,1.1527,5,1.1527,0
nan,nan,nan,nan,nan,nan,nan,nan,nan,nan,nan,nan,nan,nan,nan,0,1.154,5,1.154,0
nan,nan,nan,nan,nan,nan,nan,nan,nan,nan,nan,nan,nan,nan,nan,0,1.1554,5,1.1554,0
nan,nan,nan,nan,nan,nan,nan,nan,nan,nan,nan,nan,nan,nan,nan,0,1.1568,5,1.1568,0
nan,nan,nan,nan,nan,nan,nan,nan,nan,nan,nan,nan,nan,nan,nan,0,1.1581,5,1.1581,0
nan,nan,nan,nan,nan,nan,nan,nan,nan,nan,nan,nan,nan,nan,nan,0,1.1595,5,1.1595,0
nan,nan,nan,nan,nan,nan,nan,nan,nan,nan,nan,nan,nan,nan,nan,0,1.1608,5,1.1608,0
nan,nan,nan,nan,nan,nan,nan,nan,nan,nan,nan,nan,nan,nan,nan,0,1.1622,5,1.1622,0
nan,nan,nan,nan,nan,nan,nan,nan,nan,nan,nan,nan,nan,nan,nan,0,1.1636,5,1.1636,0
nan,nan,nan,nan,nan,nan,nan,nan,nan,nan,nan,nan,nan,nan,nan,0,1.1649,5,1.1649,0
nan,nan,nan,nan,nan,nan,nan,nan,nan,nan,nan,nan,nan,nan,nan,0,1.1663,5,1.1663,0
nan,nan,nan,nan,nan,nan,nan,nan,nan,nan,nan,nan,nan,nan,nan,0,1.1677,5,1.1677,0
nan,nan,nan,nan,nan,nan,nan,nan,nan,nan,nan,nan,nan,nan,nan,0,1.169,5,1.169,0
nan,nan,nan,nan,nan,nan,nan,nan,nan,nan,nan,nan,nan,nan,nan,0,1.1704,5,1.1704,0
nan,nan,nan,nan,nan,nan,nan,nan,nan,nan,nan,nan,nan,nan,nan,0,1.1717,5,1.1717,0
nan,nan,nan,nan,nan,nan,nan,nan,nan,nan,nan,nan,nan,nan,nan,0,1.1731,5,1.1731,0
nan,nan,nan,nan,nan,nan,nan,nan,nan,nan,nan,nan,nan,nan,nan,0,1.1745,5,1.1745,0
nan,nan,nan,nan,nan,nan,nan,nan,nan,nan,nan,nan,nan,nan,nan,0,1.1758,5,1.1758,0
nan,nan,nan,nan,nan,nan,nan,nan,nan,nan,nan,nan,nan,nan,nan,0,1.1772,5,1.1772,0
nan,nan,nan,nan,nan,nan,nan,nan,nan,nan,nan,nan,nan,nan,nan,0,1.1785,5,1.1785,0
nan,nan,nan,nan,nan,nan,nan,nan,nan,nan,nan,nan,nan,nan,nan,0,1.1799,5,1.1799,0
nan,nan,nan,nan,nan,nan,nan,nan,nan,nan,nan,nan,nan,nan,nan,0,1.1813,5,1.1813,0
nan,nan,nan,nan,nan,nan,nan,nan,nan,nan,nan,nan,nan,nan,nan,0,1.1826,5,1.1826,0
nan,nan,nan,nan,nan,nan,nan,nan,nan,nan,nan,nan,nan,nan,nan,0,1.184,5,1.184,0
nan,nan,nan,nan,nan,nan,nan,nan,nan,nan,nan,nan,nan,nan,nan,0,1.1853,5,1.1853,0
nan,nan,nan,nan,nan,nan,nan,nan,nan,nan,nan,nan,nan,nan,nan,0,1.1867,5,1.1867,0
nan,nan,nan,nan,nan,nan,nan,nan,nan,nan,nan,nan,nan,nan,nan,0,1.1881,5,1.1881,0
nan,nan,nan,nan,nan,nan,nan,nan,nan,nan,nan,nan,nan,nan,nan,0,1.1894,5,1.1894,0
nan,nan,nan,nan,nan,nan,nan,nan,nan,nan,nan,nan,nan,nan,nan,0,1.1908,5,1.1908,0
nan,nan,nan,nan,nan,nan,nan,nan,nan,nan,nan,nan,nan,nan,nan,0,1.1921,5,1.1921,0
nan,nan,nan,nan,nan,nan,nan,nan,nan,nan,nan,nan,nan,nan,nan,0,1.1935,5,1.1935,0
nan,nan,nan,nan,nan,nan,nan,nan,nan,nan,nan,nan,nan,nan,nan,0,1.1949,5,1.1949,0
nan,nan,nan,nan,nan,nan,nan,nan,nan,nan,nan,nan,nan,nan,nan,0,1.1962,5,1.1962,0
nan,nan,nan,nan,nan,nan,nan,nan,nan,nan,nan,nan,nan,nan,nan,0,1.1976,5,1.1976,0
nan,nan,nan,nan,nan,nan,nan,nan,nan,nan,nan,nan,nan,nan,nan,0,1.199,5,1.199,0
nan,nan,nan,nan,nan,nan,nan,nan,nan,nan,nan,nan,nan,nan,nan,0,1.2003,5,1.2003,0
nan,nan,nan,nan,nan,nan,nan,nan,nan,nan,nan,nan,nan,nan,nan,0,1.2017,5,1.2017,0
nan,nan,nan,nan,nan,nan,nan,nan,nan,nan,nan,nan,nan,nan,nan,0,1.203,5,1.203,0
nan,nan,nan,nan,nan,nan,nan,nan,nan,nan,nan,nan,nan,nan,nan,0,1.2044,5,1.2044,0
nan,nan,nan,nan,nan,nan,nan,nan,nan,nan,nan,nan,nan,nan,nan,0,1.2058,5,1.2058,0
nan,nan,nan,nan,nan,nan,nan,nan,nan,nan,nan,nan,nan,nan,nan,0,1.2071,5,1.2071,0
nan,nan,nan,nan,nan,nan,nan,nan,nan,nan,nan,nan,nan,nan,nan,0,1.2085,5,1.2085,0
nan,nan,nan,nan,nan,nan,nan,nan,nan,nan,nan,nan,nan,nan,nan,0,1.2098,5,1.2098,0
nan,nan,nan,nan,nan,nan,nan,nan,nan,nan,nan,nan,nan,nan,nan,0,1.2112,5,1.2112,0
nan,nan,nan,nan,nan,nan,nan,nan,nan,nan,nan,nan,nan,nan,nan,0,1.2126,5,1.2126,0
nan,nan,nan,nan,nan,nan,nan,nan,nan,nan,nan,nan,nan,nan,nan,0,1.2139,5,1.2139,0
nan,nan,nan,nan,nan,nan,nan,nan,nan,nan,nan,nan,nan,nan,nan,0,1.2153,5,1.2153,0
nan,nan,nan,nan,nan,nan,nan,nan,nan,nan,nan,nan,nan,nan,nan,0,1.2166,5,1.2166,0
nan,nan,nan,nan,nan,nan,nan,nan,nan,nan,nan,nan,nan,nan,nan,0,1.218,5,1.218,0
nan,nan,nan,nan,nan,nan,nan,nan,nan,nan,nan,nan,nan,nan,nan,0,1.2194,5,1.2194,0
nan,nan,nan,nan,nan,nan,nan,nan,nan,nan,nan,nan,nan,nan,nan,0,1.2207,5,1.2207,0
nan,nan,nan,nan,nan,nan,nan,nan,nan,nan,nan,nan,nan,nan,nan,0,1.2221,5,1.2221,0
nan,nan,nan,nan,nan,nan,nan,nan,nan,nan,nan,nan,nan,nan,nan,0,1.2234,5,1.2234,0
nan,nan,nan,nan,nan,nan,nan,nan,nan,nan,nan,nan,nan,nan,nan,0,1.2248,5,1.2248,0
nan,nan,nan,nan,nan,nan,nan,nan,nan,nan,nan,nan,nan,nan,nan,0,1.2262,5,1.2262,0
nan,nan,nan,nan,nan,nan,nan,nan,nan,nan,nan,nan,nan,nan,nan,0,1.2275,5,1.2275,0
nan,nan,nan,nan,nan,nan,nan,nan,nan,nan,nan,nan,nan,nan,nan,0,1.2289,5,1.2289,0
nan,nan,nan,nan,nan,nan,nan,nan,nan,nan,nan,nan,nan,nan,nan,0,1.2303,5,1.2303,0
nan,nan,nan,nan,nan,nan,nan,nan,nan,nan,nan,nan,nan,nan,nan,0,1.2316,5,1.2316,0
nan,nan,nan,nan,nan,nan,nan,nan,nan,nan,nan,nan,nan,nan,nan,0,1.233,5,1.233,0
nan,nan,nan,nan,nan,nan,nan,nan,nan,nan,nan,nan,nan,nan,nan,0,1.2343,5,1.2343,0
nan,nan,nan,nan,nan,nan,nan,nan,nan,nan,nan,nan,nan,nan,nan,0,1.2357,5,1.2357,0
nan,nan,nan,nan,nan,nan,nan,nan,nan,nan,nan,nan,nan,nan,nan,0,1.2371,5,1.2371,0
nan,nan,nan,nan,nan,nan,nan,nan,nan,nan,nan,nan,nan,nan,nan,0,1.2384,5,1.2384,0
nan,nan,nan,nan,nan,nan,nan,nan,nan,nan,nan,nan,nan,nan,nan,0,1.2398,5,1.2398,0
nan,nan,nan,nan,nan,nan,nan,nan,nan,nan,nan,nan,nan,nan,nan,0,1.2411,5,1.2411,0
nan,nan,nan,nan,nan,nan,nan,nan,nan,nan,nan,nan,nan,nan,nan,0,1.2425,5,1.2425,0
nan,nan,nan,nan,nan,nan,nan,nan,nan,nan,nan,nan,nan,nan,nan,0,1.2439,5,1.2439,0
nan,nan,nan,nan,nan,nan,nan,nan,nan,nan,nan,nan,nan,nan,nan,0,1.2452,5,1.2452,0
nan,nan,nan,nan,nan,nan,nan,nan,nan,nan,nan,nan,nan,nan,nan,0,1.2466,5,1.2466,0
nan,nan,nan,nan,nan,nan,nan,nan,nan,nan,nan,nan,nan,nan,nan,0,1.2479,5,1.2479,0
nan,nan,nan,nan,nan,nan,nan,nan,nan,nan,nan,nan,nan,nan,nan,0,1.2493,5,1.2493,0
nan,nan,nan,nan,nan,nan,nan,nan,nan,nan,nan,nan,nan,nan,nan,0,1.2507,5,1.2507,0
nan,nan,nan,nan,nan,nan,nan,nan,nan,nan,nan,nan,nan,nan,nan,0,1.252,5,1.252,0
nan,nan,nan,nan,nan,nan,nan,nan,nan,nan,nan,nan,nan,nan,nan,0,1.2534,5,1.2534,0
nan,nan,nan,nan,nan,nan,nan,nan,nan,nan,nan,nan,nan,nan,nan,0,1.2547,5,1.2547,0
nan,nan,nan,nan,nan,nan,nan,nan,nan,nan,nan,nan,nan,nan,nan,0,1.2561,5,1.2561,0
nan,nan,nan,nan,nan,nan,nan,nan,nan,nan,nan,nan,nan,nan,nan,0,1.2575,5,1.2575,0
nan,nan,nan,nan,nan,nan,nan,nan,nan,nan,nan,nan,nan,nan,nan,0,1.2588,5,1.2588,0
nan,nan,nan,nan,nan,nan,nan,nan,nan,nan,nan,nan,nan,nan,nan,0,1.2602,5,1.2602,0
nan,nan,nan,nan,nan,nan,nan,nan,nan,nan,nan,nan,nan,nan,nan,0,1.2616,5,1.2616,0
nan,nan,nan,nan,nan,nan,nan,nan,nan,nan,nan,nan,nan,nan,nan,0,1.2629,5,1.2629,0
nan,nan,nan,nan,nan,nan,nan,nan,nan,nan,nan,nan,nan,nan,nan,0,1.2643,5,1.2643,0
nan,nan,nan,nan,nan,nan,nan,nan,nan,nan,nan,nan,nan,nan,nan,0,1.2656,5,1.2656,0
nan,nan,nan,nan,nan,nan,nan,nan,nan,nan,nan,nan,nan,nan,nan,0,1.267,5,1.267,0
nan,nan,nan,nan,nan,nan,nan,nan,nan,nan,nan,nan,nan,nan,nan,0,1.2684,5,1.2684,0
nan,nan,nan,nan,nan,nan,nan,nan,nan,nan,nan,nan,nan,nan,nan,0,1.2697,5,1.2697,0
nan,nan,nan,nan,nan,nan,nan,nan,nan,nan,nan,nan,nan,nan,nan,0,1.2711,5,1.2711,0
nan,nan,nan,nan,nan,nan,nan,nan,nan,nan,nan,nan,nan,nan,nan,0,1.2724,5,1.2724,0
nan,nan,nan,nan,nan,nan,nan,nan,nan,nan,nan,nan,nan,nan,nan,0,1.2738,5,1.2738,0
nan,nan,nan,nan,nan,nan,nan,nan,nan,nan,nan,nan,nan,nan,nan,0,1.2752,5,1.2752,0
nan,nan,nan,nan,nan,nan,nan,nan,nan,nan,nan,nan,nan,nan,nan,0,1.2765,5,1.2765,0
nan,nan,nan,nan,nan,nan,nan,nan,nan,nan,nan,nan,nan,nan,nan,0,1.2779,5,1.2779,0
nan,nan,nan,nan,nan,nan,nan,nan,nan,nan,nan,nan,nan,nan,nan,0,1.2792,5,1.2792,0
nan,nan,nan,nan,nan,nan,nan,nan,nan,nan,nan,nan,nan,nan,nan,0,1.2806,5,1.2806,0
nan,nan,nan,nan,nan,nan,nan,nan,nan,nan,nan,nan,nan,nan,nan,0,1.282,5,1.282,0
nan,nan,nan,nan,nan,nan,nan,nan,nan,nan,nan,nan,nan,nan,nan,0,1.2833,5,1.2833,0
nan,nan,nan,nan,nan,nan,nan,nan,nan,nan,nan,nan,nan,nan,nan,0,1.2847,5,1.2847,0
nan,nan,nan,nan,nan,nan,nan,nan,nan,nan,nan,nan,nan,nan,nan,0,1.2861,5,1.2861,0
nan,nan,nan,nan,nan,nan,nan,nan,nan,nan,nan,nan,nan,nan,nan,0,1.2874,5,1.2874,0
nan,nan,nan,nan,nan,nan,nan,nan,nan,nan,nan,nan,nan,nan,nan,0,1.2888,5,1.2888,0
nan,nan,nan,nan,nan,nan,nan,nan,nan,nan,nan,nan,nan,nan,nan,0,1.2901,5,1.2901,0
nan,nan,nan,nan,nan,nan,nan,nan,nan,nan,nan,nan,nan,nan,nan,0,1.2915,5,1.2915,0
nan,nan,nan,nan,nan,nan,nan,nan,nan,nan,nan,nan,nan,nan,nan,0,1.2929,5,1.2929,0
nan,nan,nan,nan,nan,nan,nan,nan,nan,nan,nan,nan,nan,nan,nan,0,1.2942,5,1.2942,0
nan,nan,nan,nan,nan,nan,nan,nan,nan,nan,nan,nan,nan,nan,nan,0,1.2956,5,1.2956,0
nan,nan,nan,nan,nan,nan,nan,nan,nan,nan,nan,nan,nan,nan,nan,0,1.2969,5,1.2969,0
nan,nan,nan,nan,nan,nan,nan,nan,nan,nan,nan,nan,nan,nan,nan,0,1.2983,5,1.2983,0
nan,nan,nan,nan,nan,nan,nan,nan,nan,nan,nan,nan,nan,nan,nan,0,1.2997,5,1.2997,0
nan,nan,nan,nan,nan,nan,nan,nan,nan,nan,nan,nan,nan,nan,nan,0,1.301,5,1.301,0
nan,nan,nan,nan,nan,nan,nan,nan,nan,nan,nan,nan,nan,nan,nan,0,1.3024,5,1.3024,0
nan,nan,nan,nan,nan,nan,nan,nan,nan,nan,nan,nan,nan,nan,nan,0,1.3037,5,1.3037,0
nan,nan,nan,nan,nan,nan,nan,nan,nan,nan,nan,nan,nan,nan,nan,0,1.3051,5,1.3051,0
nan,nan,nan,nan,nan,nan,nan,nan,nan,nan,nan,nan,nan,nan,nan,0,1.3065,5,1.3065,0
nan,nan,nan,nan,nan,nan,nan,nan,nan,nan,nan,nan,nan,nan,nan,0,1.3078,5,1.3078,0
nan,nan,nan,nan,nan,nan,nan,nan,nan,nan,nan,nan,nan,nan,nan,0,1.3092,5,1.3092,0
nan,nan,nan,nan,nan,nan,nan,nan,nan,nan,nan,nan,nan,nan,nan,0,1.3105,5,1.3105,0
nan,nan,nan,nan,nan,nan,nan,nan,nan,nan,nan,nan,nan,nan,nan,0,1.3119,5,1.3119,0
nan,nan,nan,nan,nan,nan,nan,nan,nan,nan,nan,nan,nan,nan,nan,0,1.3133,5,1.3133,0
nan,nan,nan,nan,nan,nan,nan,nan,nan,nan,nan,nan,nan,nan,nan,0,1.3146,5,1.3146,0
nan,nan,nan,nan,nan,nan,nan,nan,nan,nan,nan,nan,nan,nan,nan,0,1.316,5,1.316,0
nan,nan,nan,nan,nan,nan,nan,nan,nan,nan,nan,nan,nan,nan,nan,0,1.3174,5,1.3174,0
nan,nan,nan,nan,nan,nan,nan,nan,nan,nan,nan,nan,nan,nan,nan,0,1.3187,5,1.3187,0
nan,nan,nan,nan,nan,nan,nan,nan,nan,nan,nan,nan,nan,nan,nan,0,1.3201,5,1.3201,0
nan,nan,nan,nan,nan,nan,nan,nan,nan,nan,nan,nan,nan,nan,nan,0,1.3214,5,1.3214,0
nan,nan,nan,nan,nan,nan,nan,nan,nan,nan,nan,nan,nan,nan,nan,0,1.3228,5,1.3228,0
nan,nan,nan,nan,nan,nan,nan,nan,nan,nan,nan,nan,nan,nan,nan,0,1.3242,5,1.3242,0
nan,nan,nan,nan,nan,nan,nan,nan,nan,nan,nan,nan,nan,nan,nan,0,1.3255,5,1.3255,0
nan,nan,nan,nan,nan,nan,nan,nan,nan,nan,nan,nan,nan,nan,nan,0,1.3269,5,1.3269,0
nan,nan,nan,nan,nan,nan,nan,nan,nan,nan,nan,nan,nan,nan,nan,0,1.3282,5,1.3282,0
nan,nan,nan,nan,nan,nan,nan,nan,nan,nan,nan,nan,nan,nan,nan,0,1.3296,5,1.3296,0
nan,nan,nan,nan,nan,nan,nan,nan,nan,nan,nan,nan,nan,nan,nan,0,1.331,5,1.331,0
nan,nan,nan,nan,nan,nan,nan,nan,nan,nan,nan,nan,nan,nan,nan,0,1.3323,5,1.3323,0
nan,nan,nan,nan,nan,nan,nan,nan,nan,nan,nan,nan,nan,nan,nan,0,1.3337,5,1.3337,0
nan,nan,nan,nan,nan,nan,nan,nan,nan,nan,nan,nan,nan,nan,nan,0,1.335,5,1.335,0
nan,nan,nan,nan,nan,nan,nan,nan,nan,nan,nan,nan,nan,nan,nan,0,1.3364,5,1.3364,0
nan,nan,nan,nan,nan,nan,nan,nan,nan,nan,nan,nan,nan,nan,nan,0,1.3378,5,1.3378,0
nan,nan,nan,nan,nan,nan,nan,nan,nan,nan,nan,nan,nan,nan,nan,0,1.3391,5,1.3391,0
nan,nan,nan,nan,nan,nan,nan,nan,nan,nan,nan,nan,nan,nan,nan,0,1.3405,5,1.3405,0
nan,nan,nan,nan,nan,nan,nan,nan,nan,nan,nan,nan,nan,nan,nan,0,1.3418,5,1.3418,0
nan,nan,nan,nan,nan,nan,nan,nan,nan,nan,nan,nan,nan,nan,nan,0,1.3432,5,1.3432,0
nan,nan,nan,nan,nan,nan,nan,nan,nan,nan,nan,nan,nan,nan,nan,0,1.3446,5,1.3446,0
nan,nan,nan,nan,nan,nan,nan,nan,nan,nan,nan,nan,nan,nan,nan,0,1.3459,5,1.3459,0
nan,nan,nan,nan,nan,nan,nan,nan,nan,nan,nan,nan,nan,nan,nan,0,1.3473,5,1.3473,0
nan,nan,nan,nan,nan,nan,nan,nan,nan,nan,nan,nan,nan,nan,nan,0,1.3487,5,1.3487,0
nan,nan,nan,nan,nan,nan,nan,nan,nan,nan,nan,nan,nan,nan,nan,0,1.35,5,1.35,0
nan,nan,nan,nan,nan,nan,nan,nan,nan,nan,nan,nan,nan,nan,nan,0,1.3514,5,1.3514,0
nan,nan,nan,nan,nan,nan,nan,nan,nan,nan,nan,nan,nan,nan,nan,0,1.3527,5,1.3527,0
nan,nan,nan,nan,nan,nan,nan,nan,nan,nan,nan,nan,nan,nan,nan,0,1.3541,5,1.3541,0
nan,nan,nan,nan,nan,nan,nan,nan,nan,nan,nan,nan,nan,nan,nan,0,1.3555,5,1.3555,0
nan,nan,nan,nan,nan,nan,nan,nan,nan,nan,nan,nan,nan,nan,nan,0,1.3568,5,1.3568,0
nan,nan,nan,nan,nan,nan,nan,nan,nan,nan,nan,nan,nan,nan,nan,0,1.3582,5,1.3582,0
nan,nan,nan,nan,nan,nan,nan,nan,nan,nan,nan,nan,nan,nan,nan,0,1.3595,5,1.3595,0
nan,nan,nan,nan,nan,nan,nan,nan,nan,nan,nan,nan,nan,nan,nan,0,1.3609,5,1.3609,0
