"scalar1","vector:0","vector:1","vector:2","scalar2","scalar3","vtkValidPointMask","arc_length","Points:0","Points:1","Points:2"
0,1.126,0,0,0,1.1845e-10,1,0,5,0,0
1.1164e-10,1.1261,5.0023e-07,0,0.0011267,1.1763e-10,1,0.001,5,0.001,0
2.328e-10,1.1263,9.8928e-07,0,0.0022534,1.171e-10,1,0.002,5,0.002,0
3.6349e-10,1.1264,1.4672e-06,0,0.0033801,1.1686e-10,1,0.003,5,0.003,0
5.037e-10,1.1266,1.9339e-06,0,0.0045067,1.1692e-10,1,0.004,5,0.004,0
6.5345e-10,1.1267,2.3894e-06,0,0.0056334,1.1727e-10,1,0.005,5,0.005,0
8.1272e-10,1.1268,2.8337e-06,0,0.0067601,1.1792e-10,1,0.006,5,0.006,0
9.8151e-10,1.1269,3.2669e-06,0,0.0078868,1.1886e-10,1,0.007,5,0.007,0
1.1598e-09,1.127,3.6889e-06,0,0.0090135,1.2009e-10,1,0.008,5,0.008,0
1.3477e-09,1.1271,4.0997e-06,0,0.01014,1.2162e-10,1,0.009,5,0.009,0
1.5451e-09,1.1272,4.4994e-06,0,0.011267,1.2345e-10,1,0.01,5,0.01,0
1.752e-09,1.1273,4.8879e-06,0,0.012393,1.2556e-10,1,0.011,5,0.011,0
1.9684e-09,1.1274,5.2652e-06,0,0.01352,1.2797e-10,1,0.012,5,0.012,0
2.1944e-09,1.1274,5.6313e-06,0,0.014647,1.3068e-10,1,0.013,5,0.013,0
2.4299e-09,1.1275,5.9862e-06,0,0.015774,1.3368e-10,1,0.014,5,0.014,0
2.6749e-09,1.1275,6.33e-06,0,0.0169,1.3697e-10,1,0.015,5,0.015,0
2.9294e-09,1.1275,6.6626e-06,0,0.018027,1.4056e-10,1,0.016,5,0.016,0
3.1935e-09,1.1276,6.984e-06,0,0.019154,1.4444e-10,1,0.017,5,0.017,0
3.4671e-09,1.1276,7.2943e-06,0,0.02028,1.4862e-10,1,0.018,5,0.018,0
3.7502e-09,1.1276,7.5933e-06,0,0.021407,1.5309e-10,1,0.019,5,0.019,0
4.0429e-09,1.1276,7.8812e-06,0,0.022534,1.5786e-10,1,0.02,5,0.02,0
4.345e-09,1.1276,8.1579e-06,0,0.02366,1.6291e-10,1,0.021,5,0.021,0
4.6567e-09,1.1275,8.4235e-06,0,0.024787,1.6827e-10,1,0.022,5,0.022,0
4.978e-09,1.1275,8.6779e-06,0,0.025914,1.7391e-10,1,0.023,5,0.023,0
5.3087e-09,1.1275,8.9211e-06,0,0.02704,1.7986e-10,1,0.024,5,0.024,0
5.649e-09,1.1274,9.1531e-06,0,0.028167,1.8609e-10,1,0.025,5,0.025,0
5.9988e-09,1.1274,9.3739e-06,0,0.029294,1.9262e-10,1,0.026,5,0.026,0
6.3582e-09,1.1273,9.5836e-06,0,0.03042,1.9944e-10,1,0.027,5,0.027,0
6.727e-09,1.1272,9.7821e-06,0,0.031547,2.0656e-10,1,0.028,5,0.028,0
7.1054e-09,1.1271,9.9694e-06,0,0.032673,2.1397e-10,1,0.029,5,0.029,0
7.4933e-09,1.127,1.0146e-05,0,0.0338,2.2168e-10,1,0.03,5,0.03,0
7.8908e-09,1.1269,1.031e-05,0,0.034927,2.2968e-10,1,0.031,5,0.031,0
8.2978e-09,1.1268,1.0464e-05,0,0.036053,2.3797e-10,1,0.032,5,0.032,0
8.7143e-09,1.1267,1.0607e-05,0,0.03718,2.4656e-10,1,0.033,5,0.033,0
9.1403e-09,1.1266,1.0738e-05,0,0.038307,2.5544e-10,1,0.034,5,0.034,0
9.5759e-09,1.1264,1.0859e-05,0,0.039433,2.6462e-10,1,0.035,5,0.035,0
1.0021e-08,1.1263,1.0968e-05,0,0.04056,2.7409e-10,1,0.036,5,0.036,0
1.0476e-08,1.1261,1.1066e-05,0,0.041687,2.8386e-10,1,0.037,5,0.037,0
1.0939e-08,1.1261,1.2189e-05,0,0.042813,2.9409e-10,1,0.038,5,0.038,0
1.1418e-08,1.126,1.351e-05,0,0.04394,3.0478e-10,1,0.039,5,0.039,0
1.1911e-08,1.126,1.483e-05,0,0.045067,3.1589e-10,1,0.04,5,0.04,0
1.2419e-08,1.126,1.6149e-05,0,0.046193,3.2742e-10,1,0.041,5,0.041,0
1.2941e-08,1.1259,1.7469e-05,0,0.04732,3.3938e-10,1,0.042,5,0.042,0
1.3479e-08,1.1259,1.8788e-05,0,0.048446,3.5176e-10,1,0.043,5,0.043,0
1.4031e-08,1.1258,2.0107e-05,0,0.049573,3.6457e-10,1,0.044,5,0.044,0
1.4598e-08,1.1258,2.1425e-05,0,0.0507,3.778e-10,1,0.045,5,0.045,0
1.518e-08,1.1257,2.2743e-05,0,0.051826,3.9146e-10,1,0.046,5,0.046,0
1.5776e-08,1.1257,2.4061e-05,0,0.052953,4.0554e-10,1,0.047,5,0.047,0
1.6388e-08,1.1256,2.5379e-05,0,0.05408,4.2004e-10,1,0.048,5,0.048,0
1.7014e-08,1.1255,2.6696e-05,0,0.055206,4.3497e-10,1,0.049,5,0.049,0
1.7556e-08,1.1255,2.7885e-05,0,0.056333,4.477e-10,1,0.05,5,0.05,0
1.7867e-08,1.1256,2.8697e-05,0,0.057459,4.5421e-10,1,0.051,5,0.051,0
1.8247e-08,1.1257,2.9496e-05,0,0.058586,4.625e-10,1,0.052,5,0.052,0
1.8696e-08,1.1257,3.0282e-05,0,0.059712,4.7259e-10,1,0.053,5,0.053,0
1.9213e-08,1.1258,3.1054e-05,0,0.060839,4.8446e-10,1,0.054,5,0.054,0
1.9799e-08,1.1259,3.1812e-05,0,0.061965,4.9812e-10,1,0.055,5,0.055,0
2.0453e-08,1.126,3.2557e-05,0,0.063092,5.1357e-10,1,0.056,5,0.056,0
2.1177e-08,1.126,3.3289e-05,0,0.064219,5.308e-10,1,0.057,5,0.057,0
2.1969e-08,1.1261,3.4007e-05,0,0.065345,5.4982e-10,1,0.058,5,0.058,0
2.283e-08,1.1261,3.4712e-05,0,0.066472,5.7064e-10,1,0.059,5,0.059,0
2.3759e-08,1.1262,3.5404e-05,0,0.067598,5.9323e-10,1,0.06,5,0.06,0
2.4758e-08,1.1263,3.6082e-05,0,0.068725,6.1762e-10,1,0.061,5,0.061,0
2.5825e-08,1.1263,3.6746e-05,0,0.069851,6.4379e-10,1,0.062,5,0.062,0
2.6961e-08,1.1264,3.7397e-05,0,0.070978,6.7176e-10,1,0.063,5,0.063,0
2.8165e-08,1.1264,3.8035e-05,0,0.072104,7.0151e-10,1,0.064,5,0.064,0
2.9439e-08,1.1264,3.8659e-05,0,0.073231,7.3304e-10,1,0.065,5,0.065,0
3.0781e-08,1.1265,3.927e-05,0,0.074357,7.6637e-10,1,0.066,5,0.066,0
3.2192e-08,1.1265,3.9867e-05,0,0.075484,8.0148e-10,1,0.067,5,0.067,0
3.3671e-08,1.1265,4.0451e-05,0,0.07661,8.3838e-10,1,0.068,5,0.068,0
3.5219e-08,1.1266,4.1022e-05,0,0.077737,8.7707e-10,1,0.069,5,0.069,0
3.6836e-08,1.1266,4.1579e-05,0,0.078863,9.1755e-10,1,0.07,5,0.07,0
3.8522e-08,1.1266,4.2123e-05,0,0.07999,9.5981e-10,1,0.071,5,0.071,0
4.0277e-08,1.1266,4.2653e-05,0,0.081116,1.0039e-09,1,0.072,5,0.072,0
4.21e-08,1.1267,4.317e-05,0,0.082243,1.0497e-09,1,0.073,5,0.073,0
4.3992e-08,1.1267,4.3673e-05,0,0.083369,1.0973e-09,1,0.074,5,0.074,0
4.5953e-08,1.1267,4.4163e-05,0,0.084496,1.1467e-09,1,0.075,5,0.075,0
4.7982e-08,1.1267,4.464e-05,0,0.085622,1.1979e-09,1,0.076,5,0.076,0
5.0081e-08,1.1267,4.5103e-05,0,0.086749,1.2509e-09,1,0.077,5,0.077,0
5.2248e-08,1.1267,4.5552e-05,0,0.087875,1.3057e-09,1,0.078,5,0.078,0
5.4483e-08,1.1267,4.5989e-05,0,0.089002,1.3623e-09,1,0.079,5,0.079,0
5.6788e-08,1.1267,4.6411e-05,0,0.090128,1.4206e-09,1,0.08,5,0.08,0
5.9161e-08,1.1267,4.6821e-05,0,0.091255,1.4808e-09,1,0.081,5,0.081,0
6.1603e-08,1.1267,4.7217e-05,0,0.092381,1.5427e-09,1,0.082,5,0.082,0
6.4114e-08,1.1267,4.7599e-05,0,0.093508,1.6064e-09,1,0.083,5,0.083,0
6.6693e-08,1.1267,4.7968e-05,0,0.094634,1.6719e-09,1,0.084,5,0.084,0
6.9341e-08,1.1266,4.8324e-05,0,0.095761,1.7392e-09,1,0.085,5,0.085,0
7.2058e-08,1.1266,4.8666e-05,0,0.096887,1.8083e-09,1,0.086,5,0.086,0
7.4844e-08,1.1266,4.8995e-05,0,0.098014,1.8792e-09,1,0.087,5,0.087,0
7.7698e-08,1.1266,4.931e-05,0,0.09914,1.9518e-09,1,0.088,5,0.088,0
8.0622e-08,1.1265,4.9612e-05,0,0.10027,2.0263e-09,1,0.089,5,0.089,0
8.3613e-08,1.1265,4.9901e-05,0,0.10139,2.1025e-09,1,0.09,5,0.09,0
8.6674e-08,1.1265,5.0176e-05,0,0.10252,2.1805e-09,1,0.091,5,0.091,0
8.9804e-08,1.1264,5.0437e-05,0,0.10365,2.2603e-09,1,0.092,5,0.092,0
9.3002e-08,1.1264,5.0685e-05,0,0.10477,2.3419e-09,1,0.093,5,0.093,0
9.6269e-08,1.1263,5.092e-05,0,0.1059,2.4253e-09,1,0.094,5,0.094,0
9.9604e-08,1.1263,5.1142e-05,0,0.10703,2.5105e-09,1,0.095,5,0.095,0
1.0301e-07,1.1262,5.1349e-05,0,0.10815,2.5974e-09,1,0.096,5,0.096,0
1.0648e-07,1.1262,5.1544e-05,0,0.10928,2.6862e-09,1,0.097,5,0.097,0
1.1006e-07,1.1261,5.1669e-05,0,0.1104,2.7775e-09,1,0.098,5,0.098,0
1.1394e-07,1.1261,5.1502e-05,0,0.11153,2.8759e-09,1,0.099,5,0.099,0
1.1795e-07,1.1261,5.1338e-05,0,0.11266,2.9778e-09,1,0.1,5,0.1,0
1.221e-07,1.1261,5.1178e-05,0,0.11378,3.0832e-09,1,0.101,5,0.101,0
1.2638e-07,1.1261,5.102e-05,0,0.11491,3.1921e-09,1,0.102,5,0.102,0
1.308e-07,1.1261,5.0866e-05,0,0.11604,3.3046e-09,1,0.103,5,0.103,0
1.3535e-07,1.1261,5.0716e-05,0,0.11716,3.4206e-09,1,0.104,5,0.104,0
1.4004e-07,1.1261,5.0568e-05,0,0.11829,3.5401e-09,1,0.105,5,0.105,0
1.4486e-07,1.126,5.0424e-05,0,0.11942,3.6632e-09,1,0.106,5,0.106,0
1.4982e-07,1.126,5.0283e-05,0,0.12054,3.7898e-09,1,0.107,5,0.107,0
1.5492e-07,1.126,5.0146e-05,0,0.12167,3.92e-09,1,0.108,5,0.108,0
1.5685e-07,1.126,4.8848e-05,0,0.12279,3.9543e-09,1,0.109,5,0.109,0
1.5892e-07,1.126,4.7384e-05,0,0.12392,3.9916e-09,1,0.11,5,0.11,0
1.6157e-07,1.126,4.5907e-05,0,0.12505,4.0459e-09,1,0.111,5,0.111,0
1.6482e-07,1.126,4.4418e-05,0,0.12617,4.1172e-09,1,0.112,5,0.112,0
1.6867e-07,1.126,4.2916e-05,0,0.1273,4.2056e-09,1,0.113,5,0.113,0
1.731e-07,1.126,4.1402e-05,0,0.12843,4.311e-09,1,0.114,5,0.114,0
1.7814e-07,1.126,3.9876e-05,0,0.12955,4.4334e-09,1,0.115,5,0.115,0
1.8376e-07,1.126,3.8337e-05,0,0.13068,4.5729e-09,1,0.116,5,0.116,0
1.8998e-07,1.126,3.6786e-05,0,0.13181,4.7294e-09,1,0.117,5,0.117,0
1.9679e-07,1.126,3.5223e-05,0,0.13293,4.9029e-09,1,0.118,5,0.118,0
2.042e-07,1.126,3.3647e-05,0,0.13406,5.0934e-09,1,0.119,5,0.119,0
2.122e-07,1.126,3.2058e-05,0,0.13518,5.301e-09,1,0.12,5,0.12,0
2.2079e-07,1.126,3.0458e-05,0,0.13631,5.5256e-09,1,0.121,5,0.121,0
2.2998e-07,1.126,2.8845e-05,0,0.13744,5.7672e-09,1,0.122,5,0.122,0
2.3976e-07,1.126,2.7219e-05,0,0.13856,6.0258e-09,1,0.123,5,0.123,0
2.5013e-07,1.126,2.5581e-05,0,0.13969,6.3015e-09,1,0.124,5,0.124,0
2.611e-07,1.126,2.3931e-05,0,0.14082,6.5941e-09,1,0.125,5,0.125,0
2.7266e-07,1.1259,2.2268e-05,0,0.14194,6.9039e-09,1,0.126,5,0.126,0
2.8481e-07,1.1259,2.0593e-05,0,0.14307,7.2306e-09,1,0.127,5,0.127,0
2.9756e-07,1.1259,1.8905e-05,0,0.1442,7.5744e-09,1,0.128,5,0.128,0
3.109e-07,1.1259,1.7206e-05,0,0.14532,7.9352e-09,1,0.129,5,0.129,0
3.2459e-07,1.1259,1.6872e-05,0,0.14645,8.3048e-09,1,0.13,5,0.13,0
3.3873e-07,1.1259,1.6808e-05,0,0.14757,8.6873e-09,1,0.131,5,0.131,0
3.5338e-07,1.1259,1.6751e-05,0,0.1487,9.0838e-09,1,0.132,5,0.132,0
3.6852e-07,1.1259,1.6698e-05,0,0.14983,9.4945e-09,1,0.133,5,0.133,0
3.8417e-07,1.1259,1.6652e-05,0,0.15095,9.9194e-09,1,0.134,5,0.134,0
4.0032e-07,1.1259,1.6612e-05,0,0.15208,1.0358e-08,1,0.135,5,0.135,0
4.1697e-07,1.1259,1.6577e-05,0,0.15321,1.0811e-08,1,0.136,5,0.136,0
4.3413e-07,1.1259,1.6548e-05,0,0.15433,1.1279e-08,1,0.137,5,0.137,0
4.5178e-07,1.1259,1.6525e-05,0,0.15546,1.176e-08,1,0.138,5,0.138,0
4.6994e-07,1.1259,1.6507e-05,0,0.15659,1.2255e-08,1,0.139,5,0.139,0
4.886e-07,1.1259,1.6495e-05,0,0.15771,1.2765e-08,1,0.14,5,0.14,0
5.0776e-07,1.1259,1.649e-05,0,0.15884,1.3289e-08,1,0.141,5,0.141,0
5.2742e-07,1.1259,1.6489e-05,0,0.15996,1.3827e-08,1,0.142,5,0.142,0
5.4758e-07,1.1259,1.6495e-05,0,0.16109,1.4379e-08,1,0.143,5,0.143,0
5.6824e-07,1.1259,1.6507e-05,0,0.16222,1.4945e-08,1,0.144,5,0.144,0
5.8941e-07,1.1259,1.6524e-05,0,0.16334,1.5525e-08,1,0.145,5,0.145,0
6.1107e-07,1.1259,1.6547e-05,0,0.16447,1.6119e-08,1,0.146,5,0.146,0
6.3324e-07,1.1259,1.6576e-05,0,0.1656,1.6728e-08,1,0.147,5,0.147,0
6.5591e-07,1.1259,1.661e-05,0,0.16672,1.735e-08,1,0.148,5,0.148,0
6.7908e-07,1.1259,1.665e-05,0,0.16785,1.7987e-08,1,0.149,5,0.149,0
7.0276e-07,1.1259,1.6696e-05,0,0.16898,1.8638e-08,1,0.15,5,0.15,0
7.2693e-07,1.1259,1.6748e-05,0,0.1701,1.9303e-08,1,0.151,5,0.151,0
7.5161e-07,1.1259,1.6806e-05,0,0.17123,1.9982e-08,1,0.152,5,0.152,0
7.7678e-07,1.1259,1.6869e-05,0,0.17235,2.0676e-08,1,0.153,5,0.153,0
8.0246e-07,1.1258,1.6939e-05,0,0.17348,2.1383e-08,1,0.154,5,0.154,0
8.2864e-07,1.1258,1.7014e-05,0,0.17461,2.2105e-08,1,0.155,5,0.155,0
8.5532e-07,1.1258,1.7094e-05,0,0.17573,2.284e-08,1,0.156,5,0.156,0
8.8251e-07,1.1258,1.7181e-05,0,0.17686,2.359e-08,1,0.157,5,0.157,0
9.1019e-07,1.1258,1.7273e-05,0,0.17799,2.4354e-08,1,0.158,5,0.158,0
9.3838e-07,1.1258,1.7371e-05,0,0.17911,2.5132e-08,1,0.159,5,0.159,0
9.6707e-07,1.1258,1.7475e-05,0,0.18024,2.5924e-08,1,0.16,5,0.16,0
9.9626e-07,1.1258,1.7585e-05,0,0.18137,2.673e-08,1,0.161,5,0.161,0
1.0259e-06,1.1258,1.77e-05,0,0.18249,2.7551e-08,1,0.162,5,0.162,0
1.0439e-06,1.1258,1.6282e-05,0,0.18362,2.8002e-08,1,0.163,5,0.163,0
1.0614e-06,1.1258,1.4487e-05,0,0.18475,2.8434e-08,1,0.164,5,0.164,0
1.0818e-06,1.1258,1.2712e-05,0,0.18587,2.8953e-08,1,0.165,5,0.165,0
1.1051e-06,1.1258,1.0958e-05,0,0.187,2.9558e-08,1,0.166,5,0.166,0
1.1314e-06,1.1258,9.224e-06,0,0.18812,3.025e-08,1,0.167,5,0.167,0
1.1606e-06,1.1258,7.5103e-06,0,0.18925,3.1028e-08,1,0.168,5,0.168,0
1.1927e-06,1.1258,5.8169e-06,0,0.19038,3.1893e-08,1,0.169,5,0.169,0
1.2277e-06,1.1258,4.1438e-06,0,0.1915,3.2845e-08,1,0.17,5,0.17,0
1.2656e-06,1.1258,2.4911e-06,0,0.19263,3.3883e-08,1,0.171,5,0.171,0
1.3065e-06,1.1258,8.5863e-07,0,0.19376,3.5007e-08,1,0.172,5,0.172,0
1.3503e-06,1.1258,-7.5349e-07,0,0.19488,3.6218e-08,1,0.173,5,0.173,0
1.397e-06,1.1258,-2.3453e-06,0,0.19601,3.7516e-08,1,0.174,5,0.174,0
1.4466e-06,1.1258,-3.9168e-06,0,0.19714,3.89e-08,1,0.175,5,0.175,0
1.4991e-06,1.1258,-5.468e-06,0,0.19826,4.0371e-08,1,0.176,5,0.176,0
1.5546e-06,1.1258,-6.999e-06,0,0.19939,4.1928e-08,1,0.177,5,0.177,0
1.613e-06,1.1258,-8.5095e-06,0,0.20052,4.3572e-08,1,0.178,5,0.178,0
1.6743e-06,1.1258,-9.9998e-06,0,0.20164,4.5303e-08,1,0.179,5,0.179,0
1.7385e-06,1.1258,-1.147e-05,0,0.20277,4.712e-08,1,0.18,5,0.18,0
1.8057e-06,1.1258,-1.2919e-05,0,0.2039,4.9024e-08,1,0.181,5,0.181,0
1.8737e-06,1.1258,-1.3292e-05,0,0.20502,5.0945e-08,1,0.182,5,0.182,0
1.9442e-06,1.1258,-1.3187e-05,0,0.20615,5.2933e-08,1,0.183,5,0.183,0
2.0179e-06,1.1258,-1.3057e-05,0,0.20727,5.5021e-08,1,0.184,5,0.184,0
2.095e-06,1.1259,-1.29e-05,0,0.2084,5.7207e-08,1,0.185,5,0.185,0
2.1753e-06,1.1259,-1.2717e-05,0,0.20953,5.9493e-08,1,0.186,5,0.186,0
2.259e-06,1.1259,-1.2508e-05,0,0.21065,6.1877e-08,1,0.187,5,0.187,0
2.3459e-06,1.1259,-1.2272e-05,0,0.21178,6.4361e-08,1,0.188,5,0.188,0
2.4362e-06,1.1259,-1.2011e-05,0,0.21291,6.6943e-08,1,0.189,5,0.189,0
2.5298e-06,1.126,-1.1724e-05,0,0.21403,6.9624e-08,1,0.19,5,0.19,0
2.6267e-06,1.126,-1.141e-05,0,0.21516,7.2405e-08,1,0.191,5,0.191,0
2.7269e-06,1.126,-1.107e-05,0,0.21629,7.5284e-08,1,0.192,5,0.192,0
2.8303e-06,1.126,-1.0704e-05,0,0.21741,7.8263e-08,1,0.193,5,0.193,0
2.9371e-06,1.126,-1.0313e-05,0,0.21854,8.134e-08,1,0.194,5,0.194,0
3.0472e-06,1.126,-9.8945e-06,0,0.21967,8.4516e-08,1,0.195,5,0.195,0
3.1607e-06,1.1261,-9.4504e-06,0,0.22079,8.7792e-08,1,0.196,5,0.196,0
3.2774e-06,1.1261,-8.9801e-06,0,0.22192,9.1166e-08,1,0.197,5,0.197,0
3.3974e-06,1.1261,-8.4837e-06,0,0.22305,9.4639e-08,1,0.198,5,0.198,0
3.5207e-06,1.1261,-7.9613e-06,0,0.22417,9.8211e-08,1,0.199,5,0.199,0
3.6474e-06,1.1261,-7.4127e-06,0,0.2253,1.0188e-07,1,0.2,5,0.2,0
3.7773e-06,1.1261,-6.838e-06,0,0.22643,1.0565e-07,1,0.201,5,0.201,0
3.9105e-06,1.1261,-6.2372e-06,0,0.22755,1.0952e-07,1,0.202,5,0.202,0
4.0471e-06,1.1261,-5.6102e-06,0,0.22868,1.1349e-07,1,0.203,5,0.203,0
4.1869e-06,1.1261,-4.9572e-06,0,0.22981,1.1756e-07,1,0.204,5,0.204,0
4.3301e-06,1.1262,-4.2781e-06,0,0.23093,1.2172e-07,1,0.205,5,0.205,0
4.4766e-06,1.1262,-3.5728e-06,0,0.23206,1.2599e-07,1,0.206,5,0.206,0
4.6263e-06,1.1262,-2.8414e-06,0,0.23319,1.3035e-07,1,0.207,5,0.207,0
4.7794e-06,1.1262,-2.0839e-06,0,0.23431,1.3482e-07,1,0.208,5,0.208,0
4.9358e-06,1.1262,-1.3003e-06,0,0.23544,1.3938e-07,1,0.209,5,0.209,0
5.0955e-06,1.1262,-4.9063e-07,0,0.23656,1.4404e-07,1,0.21,5,0.21,0
5.2585e-06,1.1262,3.452e-07,0,0.23769,1.488e-07,1,0.211,5,0.211,0
5.4248e-06,1.1262,1.2071e-06,0,0.23882,1.5366e-07,1,0.212,5,0.212,0
5.5944e-06,1.1262,2.0952e-06,0,0.23994,1.5862e-07,1,0.213,5,0.213,0
5.7673e-06,1.1262,3.0093e-06,0,0.24107,1.6367e-07,1,0.214,5,0.214,0
5.9435e-06,1.1262,3.9496e-06,0,0.2422,1.6883e-07,1,0.215,5,0.215,0
6.123e-06,1.1262,4.916e-06,0,0.24332,1.7408e-07,1,0.216,5,0.216,0
6.3058e-06,1.1262,5.9085e-06,0,0.24445,1.7944e-07,1,0.217,5,0.217,0
6.492e-06,1.1262,6.9271e-06,0,0.24558,1.8489e-07,1,0.218,5,0.218,0
6.6814e-06,1.1262,7.9718e-06,0,0.2467,1.9044e-07,1,0.219,5,0.219,0
6.8741e-06,1.1262,9.0427e-06,0,0.24783,1.9609e-07,1,0.22,5,0.22,0
7.0702e-06,1.1262,1.014e-05,0,0.24896,2.0184e-07,1,0.221,5,0.221,0
7.2453e-06,1.1262,1.1266e-05,0,0.25008,2.0688e-07,1,0.222,5,0.222,0
7.4216e-06,1.1263,1.2425e-05,0,0.25121,2.1192e-07,1,0.223,5,0.223,0
7.6132e-06,1.1264,1.3616e-05,0,0.25234,2.1744e-07,1,0.224,5,0.224,0
7.8199e-06,1.1264,1.4838e-05,0,0.25346,2.2344e-07,1,0.225,5,0.225,0
8.0419e-06,1.1265,1.6091e-05,0,0.25459,2.2991e-07,1,0.226,5,0.226,0
8.2791e-06,1.1266,1.7377e-05,0,0.25572,2.3686e-07,1,0.227,5,0.227,0
8.5315e-06,1.1266,1.8693e-05,0,0.25684,2.4429e-07,1,0.228,5,0.228,0
8.7991e-06,1.1267,2.0042e-05,0,0.25797,2.522e-07,1,0.229,5,0.229,0
9.0819e-06,1.1267,2.1421e-05,0,0.2591,2.6058e-07,1,0.23,5,0.23,0
9.38e-06,1.1267,2.2833e-05,0,0.26022,2.6944e-07,1,0.231,5,0.231,0
9.6933e-06,1.1268,2.4276e-05,0,0.26135,2.7878e-07,1,0.232,5,0.232,0
1.0022e-05,1.1268,2.575e-05,0,0.26248,2.8859e-07,1,0.233,5,0.233,0
1.0365e-05,1.1268,2.7256e-05,0,0.2636,2.9888e-07,1,0.234,5,0.234,0
1.0724e-05,1.1268,2.8794e-05,0,0.26473,3.0965e-07,1,0.235,5,0.235,0
1.1099e-05,1.1269,3.0363e-05,0,0.26586,3.209e-07,1,0.236,5,0.236,0
1.1488e-05,1.1269,3.1963e-05,0,0.26698,3.3262e-07,1,0.237,5,0.237,0
1.1892e-05,1.1269,3.3596e-05,0,0.26811,3.4482e-07,1,0.238,5,0.238,0
1.2312e-05,1.1269,3.5259e-05,0,0.26924,3.575e-07,1,0.239,5,0.239,0
1.2747e-05,1.1269,3.6955e-05,0,0.27036,3.7065e-07,1,0.24,5,0.24,0
1.3198e-05,1.1269,3.8681e-05,0,0.27149,3.8428e-07,1,0.241,5,0.241,0
1.3663e-05,1.1268,4.044e-05,0,0.27262,3.9839e-07,1,0.242,5,0.242,0
1.4144e-05,1.1268,4.223e-05,0,0.27374,4.1298e-07,1,0.243,5,0.243,0
1.464e-05,1.1268,4.4051e-05,0,0.27487,4.2804e-07,1,0.244,5,0.244,0
1.5151e-05,1.1268,4.5904e-05,0,0.276,4.4358e-07,1,0.245,5,0.245,0
1.5677e-05,1.1267,4.7789e-05,0,0.27712,4.596e-07,1,0.246,5,0.246,0
1.6219e-05,1.1267,4.9705e-05,0,0.27825,4.761e-07,1,0.247,5,0.247,0
1.6775e-05,1.1267,5.1653e-05,0,0.27938,4.9307e-07,1,0.248,5,0.248,0
1.7347e-05,1.1266,5.3632e-05,0,0.2805,5.1052e-07,1,0.249,5,0.249,0
1.7934e-05,1.1265,5.5643e-05,0,0.28163,5.2845e-07,1,0.25,5,0.25,0
1.8537e-05,1.1265,5.7685e-05,0,0.28276,5.4685e-07,1,0.251,5,0.251,0
1.9154e-05,1.1264,5.9759e-05,0,0.28388,5.6573e-07,1,0.252,5,0.252,0
1.9787e-05,1.1264,6.1864e-05,0,0.28501,5.8509e-07,1,0.253,5,0.253,0
2.0435e-05,1.1263,6.4001e-05,0,0.28614,6.0492e-07,1,0.254,5,0.254,0
2.1099e-05,1.1262,6.617e-05,0,0.28726,6.2524e-07,1,0.255,5,0.255,0
2.1777e-05,1.1261,6.837e-05,0,0.28839,6.4603e-07,1,0.256,5,0.256,0
2.2471e-05,1.126,7.0601e-05,0,0.28951,6.6729e-07,1,0.257,5,0.257,0
2.318e-05,1.1259,7.2864e-05,0,0.29064,6.8904e-07,1,0.258,5,0.258,0
2.3904e-05,1.1259,7.5159e-05,0,0.29177,7.1126e-07,1,0.259,5,0.259,0
2.4643e-05,1.1257,7.7485e-05,0,0.29289,7.3396e-07,1,0.26,5,0.26,0
2.5398e-05,1.1256,7.9843e-05,0,0.29402,7.5713e-07,1,0.261,5,0.261,0
2.6168e-05,1.1255,8.2232e-05,0,0.29515,7.8079e-07,1,0.262,5,0.262,0
2.6953e-05,1.1254,8.4653e-05,0,0.29627,8.0492e-07,1,0.263,5,0.263,0
2.7753e-05,1.1253,8.7106e-05,0,0.2974,8.2952e-07,1,0.264,5,0.264,0
2.8568e-05,1.1252,8.959e-05,0,0.29853,8.5461e-07,1,0.265,5,0.265,0
2.9399e-05,1.125,9.2105e-05,0,0.29965,8.8017e-07,1,0.266,5,0.266,0
3.0245e-05,1.1249,9.4652e-05,0,0.30078,9.0621e-07,1,0.267,5,0.267,0
3.1106e-05,1.1248,9.7173e-05,0,0.30191,9.3271e-07,1,0.268,5,0.268,0
3.1888e-05,1.1248,9.9099e-05,0,0.30303,9.5633e-07,1,0.269,5,0.269,0
3.2664e-05,1.125,0.00010063,0,0.30416,9.7971e-07,1,0.27,5,0.27,0
3.3496e-05,1.1252,0.00010209,0,0.30529,1.005e-06,1,0.271,5,0.271,0
3.4384e-05,1.1254,0.00010346,0,0.30641,1.0321e-06,1,0.272,5,0.272,0
3.5329e-05,1.1255,0.00010476,0,0.30754,1.0612e-06,1,0.273,5,0.273,0
3.6331e-05,1.1257,0.00010598,0,0.30867,1.0921e-06,1,0.274,5,0.274,0
3.7389e-05,1.1258,0.00010713,0,0.30979,1.1249e-06,1,0.275,5,0.275,0
3.8504e-05,1.126,0.0001082,0,0.31092,1.1595e-06,1,0.276,5,0.276,0
3.9675e-05,1.1261,0.00010918,0,0.31205,1.1961e-06,1,0.277,5,0.277,0
4.0902e-05,1.1262,0.0001101,0,0.31317,1.2345e-06,1,0.278,5,0.278,0
4.2186e-05,1.1264,0.00011093,0,0.3143,1.2748e-06,1,0.279,5,0.279,0
4.3527e-05,1.1265,0.00011169,0,0.31543,1.317e-06,1,0.28,5,0.28,0
4.4924e-05,1.1266,0.00011236,0,0.31655,1.3611e-06,1,0.281,5,0.281,0
4.6377e-05,1.1267,0.00011296,0,0.31768,1.407e-06,1,0.282,5,0.282,0
4.7887e-05,1.1268,0.00011349,0,0.31881,1.4548e-06,1,0.283,5,0.283,0
4.9454e-05,1.1269,0.00011393,0,0.31993,1.5045e-06,1,0.284,5,0.284,0
5.1077e-05,1.127,0.0001143,0,0.32106,1.5561e-06,1,0.285,5,0.285,0
5.2757e-05,1.127,0.00011459,0,0.32219,1.6096e-06,1,0.286,5,0.286,0
5.4493e-05,1.1271,0.0001148,0,0.32331,1.6649e-06,1,0.287,5,0.287,0
5.6285e-05,1.1272,0.00011494,0,0.32444,1.7222e-06,1,0.288,5,0.288,0
5.8134e-05,1.1272,0.000115,0,0.32557,1.7813e-06,1,0.289,5,0.289,0
6.004e-05,1.1273,0.00011498,0,0.32669,1.8423e-06,1,0.29,5,0.29,0
6.2002e-05,1.1273,0.00011488,0,0.32782,1.9051e-06,1,0.291,5,0.291,0
6.4021e-05,1.1274,0.0001147,0,0.32895,1.9699e-06,1,0.292,5,0.292,0
6.6096e-05,1.1274,0.00011445,0,0.33007,2.0365e-06,1,0.293,5,0.293,0
6.8227e-05,1.1274,0.00011412,0,0.3312,2.105e-06,1,0.294,5,0.294,0
7.0415e-05,1.1274,0.00011371,0,0.33232,2.1754e-06,1,0.295,5,0.295,0
7.266e-05,1.1274,0.00011322,0,0.33345,2.2477e-06,1,0.296,5,0.296,0
7.4961e-05,1.1274,0.00011266,0,0.33458,2.3218e-06,1,0.297,5,0.297,0
7.7319e-05,1.1274,0.00011202,0,0.3357,2.3979e-06,1,0.298,5,0.298,0
7.9733e-05,1.1274,0.0001113,0,0.33683,2.4758e-06,1,0.299,5,0.299,0
8.2203e-05,1.1274,0.0001105,0,0.33796,2.5556e-06,1,0.3,5,0.3,0
8.4731e-05,1.1274,0.00010963,0,0.33908,2.6372e-06,1,0.301,5,0.301,0
8.7314e-05,1.1273,0.00010868,0,0.34021,2.7208e-06,1,0.302,5,0.302,0
8.9954e-05,1.1273,0.00010765,0,0.34134,2.8062e-06,1,0.303,5,0.303,0
9.2651e-05,1.1273,0.00010654,0,0.34246,2.8935e-06,1,0.304,5,0.304,0
9.5404e-05,1.1272,0.00010535,0,0.34359,2.9827e-06,1,0.305,5,0.305,0
9.8214e-05,1.1271,0.00010409,0,0.34472,3.0738e-06,1,0.306,5,0.306,0
0.00010108,1.1271,0.00010275,0,0.34584,3.1667e-06,1,0.307,5,0.307,0
0.000104,1.127,0.00010133,0,0.34697,3.2615e-06,1,0.308,5,0.308,0
0.00010698,1.1269,9.9839e-05,0,0.3481,3.3583e-06,1,0.309,5,0.309,0
0.00011002,1.1268,9.8266e-05,0,0.34922,3.4568e-06,1,0.31,5,0.31,0
0.00011311,1.1267,9.6615e-05,0,0.35035,3.5573e-06,1,0.311,5,0.311,0
0.00011626,1.1266,9.4887e-05,0,0.35148,3.6597e-06,1,0.312,5,0.312,0
0.00011928,1.1266,9.2775e-05,0,0.3526,3.7568e-06,1,0.313,5,0.313,0
0.00012199,1.1267,8.9952e-05,0,0.35373,3.8421e-06,1,0.314,5,0.314,0
0.0001249,1.1268,8.722e-05,0,0.35486,3.9346e-06,1,0.315,5,0.315,0
0.00012802,1.1268,8.4581e-05,0,0.35598,4.0341e-06,1,0.316,5,0.316,0
0.00013133,1.1269,8.2034e-05,0,0.35711,4.1408e-06,1,0.317,5,0.317,0
0.00013485,1.127,7.9579e-05,0,0.35824,4.2546e-06,1,0.318,5,0.318,0
0.00013857,1.127,7.7216e-05,0,0.35936,4.3755e-06,1,0.319,5,0.319,0
0.00014248,1.1271,7.4945e-05,0,0.36049,4.5036e-06,1,0.32,5,0.32,0
0.0001466,1.1272,7.2765e-05,0,0.36162,4.6387e-06,1,0.321,5,0.321,0
0.00015092,1.1272,7.0678e-05,0,0.36274,4.781e-06,1,0.322,5,0.322,0
0.00015544,1.1272,6.8683e-05,0,0.36387,4.9305e-06,1,0.323,5,0.323,0
0.00016016,1.1273,6.678e-05,0,0.365,5.087e-06,1,0.324,5,0.324,0
0.00016508,1.1273,6.4969e-05,0,0.36612,5.2507e-06,1,0.325,5,0.325,0
0.0001702,1.1273,6.325e-05,0,0.36725,5.4215e-06,1,0.326,5,0.326,0
0.00017552,1.1273,6.1623e-05,0,0.36838,5.5994e-06,1,0.327,5,0.327,0
0.00018104,1.1274,6.0088e-05,0,0.3695,5.7845e-06,1,0.328,5,0.328,0
0.00018676,1.1274,5.8645e-05,0,0.37063,5.9767e-06,1,0.329,5,0.329,0
0.00019268,1.1274,5.7293e-05,0,0.37176,6.176e-06,1,0.33,5,0.33,0
0.00019881,1.1274,5.6034e-05,0,0.37288,6.3824e-06,1,0.331,5,0.331,0
0.00020513,1.1274,5.4867e-05,0,0.37401,6.596e-06,1,0.332,5,0.332,0
0.00021165,1.1274,5.3792e-05,0,0.37514,6.8167e-06,1,0.333,5,0.333,0
0.00021838,1.1273,5.2809e-05,0,0.37626,7.0445e-06,1,0.334,5,0.334,0
0.0002253,1.1273,5.1918e-05,0,0.37739,7.2794e-06,1,0.335,5,0.335,0
0.00023243,1.1273,5.1119e-05,0,0.37852,7.5215e-06,1,0.336,5,0.336,0
0.00023975,1.1272,5.0412e-05,0,0.37964,7.7706e-06,1,0.337,5,0.337,0
0.00024728,1.1272,4.9797e-05,0,0.38077,8.0269e-06,1,0.338,5,0.338,0
0.00025501,1.1272,4.9275e-05,0,0.3819,8.2904e-06,1,0.339,5,0.339,0
0.00026293,1.1271,4.8844e-05,0,0.38302,8.5609e-06,1,0.34,5,0.34,0
0.00027106,1.1271,4.8505e-05,0,0.38415,8.8386e-06,1,0.341,5,0.341,0
0.00027939,1.127,4.8258e-05,0,0.38528,9.1234e-06,1,0.342,5,0.342,0
0.00028792,1.1269,4.8103e-05,0,0.3864,9.4154e-06,1,0.343,5,0.343,0
0.00029665,1.1269,4.804e-05,0,0.38753,9.7144e-06,1,0.344,5,0.344,0
0.00030558,1.1268,4.8069e-05,0,0.38866,1.0021e-05,1,0.345,5,0.345,0
0.00031471,1.1267,4.819e-05,0,0.38978,1.0334e-05,1,0.346,5,0.346,0
0.00032404,1.1266,4.8403e-05,0,0.39091,1.0654e-05,1,0.347,5,0.347,0
0.00033357,1.1265,4.8708e-05,0,0.39204,1.0982e-05,1,0.348,5,0.348,0
0.00034331,1.1264,4.9106e-05,0,0.39316,1.1317e-05,1,0.349,5,0.349,0
0.00035324,1.1263,4.9595e-05,0,0.39429,1.1658e-05,1,0.35,5,0.35,0
0.00036337,1.1262,5.0176e-05,0,0.39542,1.2007e-05,1,0.351,5,0.351,0
0.00037371,1.1261,5.0849e-05,0,0.39654,1.2363e-05,1,0.352,5,0.352,0
0.00038412,1.1261,5.0387e-05,0,0.39767,1.2722e-05,1,0.353,5,0.353,0
0.00039472,1.126,4.9882e-05,0,0.3988,1.3088e-05,1,0.354,5,0.354,0
0.0004055,1.126,4.9432e-05,0,0.39992,1.346e-05,1,0.355,5,0.355,0
0.00041648,1.1259,4.9038e-05,0,0.40105,1.3838e-05,1,0.356,5,0.356,0
0.00042765,1.1259,4.8701e-05,0,0.40218,1.4224e-05,1,0.357,5,0.357,0
0.00043901,1.1258,4.842e-05,0,0.4033,1.4616e-05,1,0.358,5,0.358,0
0.00045057,1.1257,4.8195e-05,0,0.40443,1.5015e-05,1,0.359,5,0.359,0
0.00046231,1.1256,4.8026e-05,0,0.40556,1.5421e-05,1,0.36,5,0.36,0
0.00047419,1.1256,4.895e-05,0,0.40668,1.5831e-05,1,0.361,5,0.361,0
0.00048619,1.1256,5.4827e-05,0,0.40781,1.6244e-05,1,0.362,5,0.362,0
0.00049873,1.1256,6.0807e-05,0,0.40894,1.6678e-05,1,0.363,5,0.363,0
0.00051183,1.1256,6.6891e-05,0,0.41006,1.7132e-05,1,0.364,5,0.364,0
0.00052548,1.1256,7.3079e-05,0,0.41119,1.7607e-05,1,0.365,5,0.365,0
0.0005383,1.1256,7.5966e-05,0,0.41232,1.8049e-05,1,0.366,5,0.366,0
0.00055123,1.1258,7.7345e-05,0,0.41344,1.8493e-05,1,0.367,5,0.367,0
0.0005649,1.1259,7.8722e-05,0,0.41457,1.8966e-05,1,0.368,5,0.368,0
0.00057931,1.126,8.0096e-05,0,0.4157,1.9467e-05,1,0.369,5,0.369,0
0.00059446,1.1261,8.1467e-05,0,0.41682,1.9997e-05,1,0.37,5,0.37,0
0.00061036,1.1262,8.2836e-05,0,0.41795,2.0556e-05,1,0.371,5,0.371,0
0.000627,1.1262,8.4202e-05,0,0.41908,2.1143e-05,1,0.372,5,0.372,0
0.00064439,1.1263,8.5565e-05,0,0.4202,2.1759e-05,1,0.373,5,0.373,0
0.00066252,1.1264,8.6925e-05,0,0.42133,2.2404e-05,1,0.374,5,0.374,0
0.00068139,1.1265,8.8282e-05,0,0.42246,2.3077e-05,1,0.375,5,0.375,0
0.00070101,1.1266,8.9637e-05,0,0.42358,2.3779e-05,1,0.376,5,0.376,0
0.00072137,1.1266,9.0989e-05,0,0.42471,2.451e-05,1,0.377,5,0.377,0
0.00074247,1.1267,9.2338e-05,0,0.42584,2.5269e-05,1,0.378,5,0.378,0
0.00076432,1.1268,9.3685e-05,0,0.42696,2.6057e-05,1,0.379,5,0.379,0
0.00078691,1.1268,9.5028e-05,0,0.42809,2.6873e-05,1,0.38,5,0.38,0
0.00081025,1.1269,9.6369e-05,0,0.42922,2.7718e-05,1,0.381,5,0.381,0
0.00083433,1.1269,9.7707e-05,0,0.43034,2.8592e-05,1,0.382,5,0.382,0
0.00085915,1.127,9.9043e-05,0,0.43147,2.9494e-05,1,0.383,5,0.383,0
0.00088472,1.127,0.00010038,0,0.43259,3.0425e-05,1,0.384,5,0.384,0
0.00091103,1.127,0.00010171,0,0.43372,3.1385e-05,1,0.385,5,0.385,0
0.00093808,1.1271,0.00010303,0,0.43485,3.2373e-05,1,0.386,5,0.386,0
0.00096588,1.1271,0.00010436,0,0.43597,3.339e-05,1,0.387,5,0.387,0
0.00099442,1.1271,0.00010568,0,0.4371,3.4436e-05,1,0.388,5,0.388,0
0.0010237,1.1272,0.000107,0,0.43823,3.551e-05,1,0.389,5,0.389,0
0.0010537,1.1272,0.00010831,0,0.43935,3.6613e-05,1,0.39,5,0.39,0
0.0010845,1.1272,0.00010963,0,0.44048,3.7744e-05,1,0.391,5,0.391,0
0.001116,1.1272,0.00011094,0,0.44161,3.8904e-05,1,0.392,5,0.392,0
0.0011483,1.1272,0.00011224,0,0.44273,4.0093e-05,1,0.393,5,0.393,0
0.0011813,1.1272,0.00011355,0,0.44386,4.131e-05,1,0.394,5,0.394,0
0.001215,1.1272,0.00011485,0,0.44499,4.2556e-05,1,0.395,5,0.395,0
0.0012495,1.1272,0.00011615,0,0.44611,4.3831e-05,1,0.396,5,0.396,0
0.0012848,1.1272,0.00011745,0,0.44724,4.5134e-05,1,0.397,5,0.397,0
0.0013207,1.1272,0.00011874,0,0.44837,4.6466e-05,1,0.398,5,0.398,0
0.0013574,1.1272,0.00012003,0,0.44949,4.7827e-05,1,0.399,5,0.399,0
0.0013949,1.1271,0.00012132,0,0.45062,4.9216e-05,1,0.4,5,0.4,0
0.0014331,1.1271,0.00012261,0,0.45175,5.0634e-05,1,0.401,5,0.401,0
0.0014721,1.1271,0.00012389,0,0.45287,5.208e-05,1,0.402,5,0.402,0
0.0015118,1.127,0.00012517,0,0.454,5.3555e-05,1,0.403,5,0.403,0
0.0015522,1.127,0.00012645,0,0.45513,5.5059e-05,1,0.404,5,0.404,0
0.0015934,1.127,0.00012772,0,0.45625,5.6591e-05,1,0.405,5,0.405,0
0.0016353,1.1269,0.00012899,0,0.45738,5.8152e-05,1,0.406,5,0.406,0
0.001678,1.1269,0.00013026,0,0.4585,5.9742e-05,1,0.407,5,0.407,0
0.0017214,1.1268,0.00013153,0,0.45963,6.136e-05,1,0.408,5,0.408,0
0.0017656,1.1267,0.00013279,0,0.46076,6.3007e-05,1,0.409,5,0.409,0
0.0018105,1.1267,0.00013405,0,0.46188,6.4683e-05,1,0.41,5,0.41,0
0.0018561,1.1266,0.00013531,0,0.46301,6.6387e-05,1,0.411,5,0.411,0
0.0019025,1.1265,0.00013657,0,0.46414,6.812e-05,1,0.412,5,0.412,0
0.0019496,1.1265,0.00013782,0,0.46526,6.9881e-05,1,0.413,5,0.413,0
0.0019972,1.1265,0.00013697,0,0.46639,7.1642e-05,1,0.414,5,0.414,0
0.0020466,1.1265,0.00013588,0,0.46752,7.3474e-05,1,0.415,5,0.415,0
0.0020978,1.1265,0.0001348,0,0.46864,7.5385e-05,1,0.416,5,0.416,0
0.002151,1.1265,0.00013375,0,0.46977,7.7374e-05,1,0.417,5,0.417,0
0.0022061,1.1265,0.00013273,0,0.4709,7.9442e-05,1,0.418,5,0.418,0
0.0022631,1.1265,0.00013173,0,0.47202,8.1587e-05,1,0.419,5,0.419,0
0.0023219,1.1265,0.00013076,0,0.47315,8.3811e-05,1,0.42,5,0.42,0
0.0023827,1.1265,0.00012981,0,0.47428,8.6114e-05,1,0.421,5,0.421,0
0.0024454,1.1265,0.00012888,0,0.4754,8.8495e-05,1,0.422,5,0.422,0
0.00251,1.1265,0.00012798,0,0.47653,9.0954e-05,1,0.423,5,0.423,0
0.0025765,1.1265,0.0001271,0,0.47765,9.3491e-05,1,0.424,5,0.424,0
0.002645,1.1265,0.00012625,0,0.47878,9.6107e-05,1,0.425,5,0.425,0
0.0027153,1.1264,0.00012543,0,0.47991,9.8801e-05,1,0.426,5,0.426,0
0.0027875,1.1264,0.00012462,0,0.48103,0.00010157,1,0.427,5,0.427,0
0.0028616,1.1263,0.00012384,0,0.48216,0.00010442,1,0.428,5,0.428,0
0.0029377,1.1263,0.00012309,0,0.48329,0.00010735,1,0.429,5,0.429,0
0.003014,1.1263,0.00012346,0,0.48441,0.00011029,1,0.43,5,0.43,0
0.0030891,1.1264,0.00012629,0,0.48554,0.00011315,1,0.431,5,0.431,0
0.0031669,1.1265,0.00012909,0,0.48667,0.00011613,1,0.432,5,0.432,0
0.0032474,1.1265,0.00013188,0,0.48779,0.00011923,1,0.433,5,0.433,0
0.0033306,1.1266,0.00013464,0,0.48892,0.00012244,1,0.434,5,0.434,0
0.0034165,1.1267,0.00013738,0,0.49005,0.00012576,1,0.435,5,0.435,0
0.003505,1.1267,0.00014009,0,0.49117,0.00012919,1,0.436,5,0.436,0
0.0035963,1.1268,0.00014279,0,0.4923,0.00013274,1,0.437,5,0.437,0
0.0036903,1.1269,0.00014546,0,0.49342,0.00013641,1,0.438,5,0.438,0
0.0037869,1.1269,0.00014811,0,0.49455,0.00014018,1,0.439,5,0.439,0
0.0038863,1.127,0.00015074,0,0.49568,0.00014407,1,0.44,5,0.44,0
0.0039884,1.127,0.00015335,0,0.4968,0.00014808,1,0.441,5,0.441,0
0.0040931,1.127,0.00015593,0,0.49793,0.0001522,1,0.442,5,0.442,0
0.0042005,1.1271,0.00015849,0,0.49906,0.00015643,1,0.443,5,0.443,0
0.0043107,1.1271,0.00016103,0,0.50018,0.00016078,1,0.444,5,0.444,0
0.0044235,1.1271,0.00016355,0,0.50131,0.00016524,1,0.445,5,0.445,0
0.004539,1.1271,0.00016605,0,0.50244,0.00016981,1,0.446,5,0.446,0
0.0046573,1.1272,0.00016852,0,0.50356,0.0001745,1,0.447,5,0.447,0
0.0047782,1.1272,0.00017097,0,0.50469,0.0001793,1,0.448,5,0.448,0
0.0049018,1.1272,0.0001734,0,0.50582,0.00018422,1,0.449,5,0.449,0
0.0050281,1.1272,0.0001758,0,0.50694,0.00018924,1,0.45,5,0.45,0
0.0051571,1.1272,0.00017819,0,0.50807,0.00019439,1,0.451,5,0.451,0
0.0052888,1.1272,0.00018055,0,0.50919,0.00019964,1,0.452,5,0.452,0
0.0054232,1.1272,0.00018289,0,0.51032,0.00020502,1,0.453,5,0.453,0
0.0055603,1.1272,0.00018521,0,0.51145,0.0002105,1,0.454,5,0.454,0
0.0057001,1.1271,0.0001875,0,0.51257,0.0002161,1,0.455,5,0.455,0
0.0058425,1.1271,0.00018978,0,0.5137,0.00022181,1,0.456,5,0.456,0
0.0059877,1.1271,0.00019203,0,0.51483,0.00022764,1,0.457,5,0.457,0
0.0061356,1.1271,0.00019426,0,0.51595,0.00023358,1,0.458,5,0.458,0
0.0062861,1.127,0.00019647,0,0.51708,0.00023963,1,0.459,5,0.459,0
0.0064394,1.127,0.00019865,0,0.51821,0.0002458,1,0.46,5,0.46,0
0.0065954,1.127,0.00020081,0,0.51933,0.00025208,1,0.461,5,0.461,0
0.006754,1.1269,0.00020295,0,0.52046,0.00025847,1,0.462,5,0.462,0
0.0069153,1.1269,0.00020507,0,0.52158,0.00026498,1,0.463,5,0.463,0
0.0070794,1.1268,0.00020717,0,0.52271,0.00027161,1,0.464,5,0.464,0
0.0072461,1.1267,0.00020924,0,0.52384,0.00027834,1,0.465,5,0.465,0
0.0074155,1.1267,0.00021129,0,0.52496,0.00028519,1,0.466,5,0.466,0
0.0075877,1.1266,0.00021332,0,0.52609,0.00029216,1,0.467,5,0.467,0
0.0077625,1.1265,0.00021533,0,0.52722,0.00029924,1,0.468,5,0.468,0
0.0079371,1.1265,0.00021621,0,0.52834,0.00030627,1,0.469,5,0.469,0
0.0081106,1.1265,0.00021456,0,0.52947,0.00031318,1,0.47,5,0.47,0
0.0082913,1.1266,0.00021289,0,0.5306,0.00032042,1,0.471,5,0.471,0
0.0084791,1.1266,0.00021118,0,0.53172,0.000328,1,0.472,5,0.472,0
0.008674,1.1266,0.00020945,0,0.53285,0.0003359,1,0.473,5,0.473,0
0.008876,1.1266,0.00020769,0,0.53397,0.00034413,1,0.474,5,0.474,0
0.0090851,1.1267,0.00020591,0,0.5351,0.00035268,1,0.475,5,0.475,0
0.0093013,1.1267,0.00020409,0,0.53623,0.00036157,1,0.476,5,0.476,0
0.0095247,1.1267,0.00020225,0,0.53735,0.00037078,1,0.477,5,0.477,0
0.0097551,1.1267,0.00020038,0,0.53848,0.00038032,1,0.478,5,0.478,0
0.0099927,1.1267,0.00019848,0,0.53961,0.00039019,1,0.479,5,0.479,0
0.010237,1.1267,0.00019655,0,0.54073,0.00040039,1,0.48,5,0.48,0
0.010489,1.1267,0.0001946,0,0.54186,0.00041092,1,0.481,5,0.481,0
0.010748,1.1267,0.00019261,0,0.54298,0.00042177,1,0.482,5,0.482,0
0.011014,1.1267,0.0001906,0,0.54411,0.00043296,1,0.483,5,0.483,0
0.011287,1.1267,0.00018857,0,0.54524,0.00044447,1,0.484,5,0.484,0
0.011567,1.1267,0.0001865,0,0.54636,0.00045631,1,0.485,5,0.485,0
0.011855,1.1267,0.00018441,0,0.54749,0.00046848,1,0.486,5,0.486,0
0.012149,1.1267,0.00018229,0,0.54862,0.00048097,1,0.487,5,0.487,0
0.012451,1.1267,0.00018014,0,0.54974,0.0004938,1,0.488,5,0.488,0
0.01276,1.1267,0.00017796,0,0.55087,0.00050695,1,0.489,5,0.489,0
0.013075,1.1267,0.00017575,0,0.55199,0.00052043,1,0.49,5,0.49,0
0.013398,1.1266,0.00017352,0,0.55312,0.00053424,1,0.491,5,0.491,0
0.013728,1.1266,0.00017126,0,0.55425,0.00054838,1,0.492,5,0.492,0
0.014065,1.1266,0.00016897,0,0.55537,0.00056284,1,0.493,5,0.493,0
0.01441,1.1266,0.00016665,0,0.5565,0.00057764,1,0.494,5,0.494,0
0.014761,1.1265,0.00016431,0,0.55762,0.00059276,1,0.495,5,0.495,0
0.01512,1.1265,0.00016194,0,0.55875,0.00060821,1,0.496,5,0.496,0
0.015485,1.1265,0.00015954,0,0.55988,0.00062399,1,0.497,5,0.497,0
0.015858,1.1264,0.00015711,0,0.561,0.0006401,1,0.498,5,0.498,0
0.016238,1.1264,0.00015465,0,0.56213,0.00065653,1,0.499,5,0.499,0
0.016625,1.1264,0.00015217,0,0.56326,0.0006733,1,0.5,5,0.5,0
0.017019,1.1263,0.00014966,0,0.56438,0.00069039,1,0.501,5,0.501,0
0.01742,1.1263,0.00014712,0,0.56551,0.00070781,1,0.502,5,0.502,0
0.017828,1.1262,0.00014455,0,0.56663,0.00072556,1,0.503,5,0.503,0
0.018243,1.1262,0.00014196,0,0.56776,0.00074363,1,0.504,5,0.504,0
0.018666,1.1261,0.00013933,0,0.56888,0.00076204,1,0.505,5,0.505,0
0.019096,1.1261,0.00013668,0,0.57001,0.00078077,1,0.506,5,0.506,0
0.019532,1.126,0.000134,0,0.57114,0.00079983,1,0.507,5,0.507,0
0.019976,1.1259,0.0001313,0,0.57226,0.00081922,1,0.508,5,0.508,0
0.020427,1.1259,0.00012856,0,0.57339,0.00083894,1,0.509,5,0.509,0
0.020885,1.1258,0.0001258,0,0.57451,0.00085899,1,0.51,5,0.51,0
0.02135,1.1257,0.00012301,0,0.57564,0.00087936,1,0.511,5,0.511,0
0.021823,1.1257,0.00012019,0,0.57677,0.00090007,1,0.512,5,0.512,0
0.022302,1.1256,0.00011735,0,0.57789,0.0009211,1,0.513,5,0.513,0
0.022788,1.1255,0.00011447,0,0.57902,0.00094246,1,0.514,5,0.514,0
0.023282,1.1255,0.00011157,0,0.58014,0.00096414,1,0.515,5,0.515,0
0.023783,1.1254,0.00010846,0,0.58127,0.00098614,1,0.516,5,0.516,0
0.024292,1.1253,0.00010513,0,0.58239,0.0010085,1,0.517,5,0.517,0
0.024807,1.1252,0.0001017,0,0.58352,0.0010311,1,0.518,5,0.518,0
0.02533,1.1251,9.8178e-05,0,0.58465,0.0010541,1,0.519,5,0.519,0
0.02586,1.125,9.4557e-05,0,0.58577,0.0010774,1,0.52,5,0.52,0
0.026382,1.125,0.00010289,0,0.5869,0.0010998,1,0.521,5,0.521,0
0.02692,1.1249,0.00011193,0,0.58802,0.0011229,1,0.522,5,0.522,0
0.027474,1.1249,0.00012086,0,0.58915,0.0011469,1,0.523,5,0.523,0
0.028006,1.1248,0.00012571,0,0.59027,0.0011694,1,0.524,5,0.524,0
0.028548,1.1248,0.00012917,0,0.5914,0.0011923,1,0.525,5,0.525,0
0.02911,1.1248,0.00013236,0,0.59253,0.0012163,1,0.526,5,0.526,0
0.029693,1.1247,0.00013527,0,0.59365,0.0012414,1,0.527,5,0.527,0
0.030296,1.1247,0.00013791,0,0.59478,0.0012675,1,0.528,5,0.528,0
0.03092,1.1247,0.00014028,0,0.5959,0.0012948,1,0.529,5,0.529,0
0.031564,1.1246,0.00014237,0,0.59703,0.0013231,1,0.53,5,0.53,0
0.032229,1.1246,0.00014419,0,0.59815,0.0013525,1,0.531,5,0.531,0
0.032915,1.1246,0.00014574,0,0.59928,0.001383,1,0.532,5,0.532,0
0.033621,1.1245,0.00014701,0,0.6004,0.0014146,1,0.533,5,0.533,0
0.034348,1.1245,0.000148,0,0.60153,0.0014473,1,0.534,5,0.534,0
0.035096,1.1245,0.00014873,0,0.60266,0.0014811,1,0.535,5,0.535,0
0.035864,1.1244,0.00014918,0,0.60378,0.0015159,1,0.536,5,0.536,0
0.036653,1.1244,0.00014935,0,0.60491,0.0015519,1,0.537,5,0.537,0
0.037462,1.1244,0.00014926,0,0.60603,0.0015889,1,0.538,5,0.538,0
0.038292,1.1243,0.00014889,0,0.60716,0.001627,1,0.539,5,0.539,0
0.039143,1.1243,0.00014824,0,0.60828,0.0016662,1,0.54,5,0.54,0
0.040014,1.1243,0.00014732,0,0.60941,0.0017065,1,0.541,5,0.541,0
0.040906,1.1242,0.00014613,0,0.61053,0.0017479,1,0.542,5,0.542,0
0.041818,1.1242,0.00014466,0,0.61166,0.0017904,1,0.543,5,0.543,0
0.042751,1.1241,0.00014292,0,0.61278,0.0018339,1,0.544,5,0.544,0
0.043705,1.1241,0.00014091,0,0.6139,0.0018786,1,0.545,5,0.545,0
0.044679,1.1241,0.00013862,0,0.61503,0.0019243,1,0.546,5,0.546,0
0.045674,1.124,0.00013606,0,0.61615,0.0019711,1,0.547,5,0.547,0
0.046689,1.124,0.00013322,0,0.61728,0.0020191,1,0.548,5,0.548,0
0.047725,1.1239,0.00013011,0,0.6184,0.0020681,1,0.549,5,0.549,0
0.048782,1.1239,0.00012673,0,0.61953,0.0021181,1,0.55,5,0.55,0
0.049859,1.1239,0.00012307,0,0.62065,0.0021693,1,0.551,5,0.551,0
0.050957,1.1238,0.00011914,0,0.62178,0.0022216,1,0.552,5,0.552,0
0.052075,1.1238,0.00011494,0,0.6229,0.0022749,1,0.553,5,0.553,0
0.053214,1.1237,0.00011046,0,0.62402,0.0023294,1,0.554,5,0.554,0
0.054374,1.1237,0.00010571,0,0.62515,0.0023849,1,0.555,5,0.555,0
0.055554,1.1236,0.00010068,0,0.62627,0.0024415,1,0.556,5,0.556,0
0.056755,1.1236,9.5383e-05,0,0.6274,0.0024992,1,0.557,5,0.557,0
0.057977,1.1236,8.981e-05,0,0.62852,0.002558,1,0.558,5,0.558,0
0.059219,1.1235,8.3963e-05,0,0.62964,0.0026179,1,0.559,5,0.559,0
0.060481,1.1235,7.7842e-05,0,0.63077,0.0026789,1,0.56,5,0.56,0
0.061765,1.1234,7.1447e-05,0,0.63189,0.0027409,1,0.561,5,0.561,0
0.063069,1.1234,6.4779e-05,0,0.63302,0.0028041,1,0.562,5,0.562,0
0.064393,1.1233,5.7836e-05,0,0.63414,0.0028683,1,0.563,5,0.563,0
0.065738,1.1233,5.062e-05,0,0.63526,0.0029336,1,0.564,5,0.564,0
0.067104,1.1232,4.3131e-05,0,0.63639,0.003,1,0.565,5,0.565,0
0.06849,1.1232,3.5367e-05,0,0.63751,0.0030675,1,0.566,5,0.566,0
0.069897,1.1231,2.733e-05,0,0.63863,0.0031361,1,0.567,5,0.567,0
0.071325,1.1231,1.9018e-05,0,0.63976,0.0032058,1,0.568,5,0.568,0
0.072773,1.123,1.0433e-05,0,0.64088,0.0032765,1,0.569,5,0.569,0
0.074242,1.123,1.5746e-06,0,0.642,0.0033484,1,0.57,5,0.57,0
0.075731,1.1229,-7.5578e-06,0,0.64313,0.0034213,1,0.571,5,0.571,0
0.077241,1.1229,-1.6965e-05,0,0.64425,0.0034954,1,0.572,5,0.572,0
0.078772,1.1228,-2.6645e-05,0,0.64537,0.0035705,1,0.573,5,0.573,0
0.080323,1.1228,-3.6598e-05,0,0.6465,0.0036467,1,0.574,5,0.574,0
0.081895,1.1227,-4.6826e-05,0,0.64762,0.003724,1,0.575,5,0.575,0
0.083487,1.1227,-5.7327e-05,0,0.64874,0.0038023,1,0.576,5,0.576,0
0.0851,1.1226,-6.8103e-05,0,0.64987,0.0038818,1,0.577,5,0.577,0
0.086734,1.1226,-7.9152e-05,0,0.65099,0.0039623,1,0.578,5,0.578,0
0.088388,1.1225,-9.0475e-05,0,0.65211,0.004044,1,0.579,5,0.579,0
0.090063,1.1225,-0.00010207,0,0.65323,0.0041267,1,0.58,5,0.58,0
0.091758,1.1224,-0.00011394,0,0.65436,0.0042105,1,0.581,5,0.581,0
0.093474,1.1223,-0.00012609,0,0.65548,0.0042954,1,0.582,5,0.582,0
0.095201,1.1223,-0.0001312,0,0.6566,0.0043804,1,0.583,5,0.583,0
0.096934,1.1221,-0.00011328,0,0.65773,0.0044644,1,0.584,5,0.584,0
0.098711,1.122,-9.5427e-05,0,0.65885,0.004551,1,0.585,5,0.585,0
0.10053,1.1218,-7.7643e-05,0,0.65997,0.0046404,1,0.586,5,0.586,0
0.1024,1.1217,-5.9928e-05,0,0.66109,0.0047324,1,0.587,5,0.587,0
0.10431,1.1215,-4.2283e-05,0,0.66222,0.0048272,1,0.588,5,0.588,0
0.10627,1.1214,-2.4706e-05,0,0.66334,0.0049246,1,0.589,5,0.589,0
0.10827,1.1212,-7.1986e-06,0,0.66446,0.0050248,1,0.59,5,0.59,0
0.11032,1.1211,1.0241e-05,0,0.66558,0.0051276,1,0.591,5,0.591,0
0.11241,1.1209,2.7612e-05,0,0.6667,0.0052332,1,0.592,5,0.592,0
0.11454,1.1208,4.4913e-05,0,0.66782,0.0053415,1,0.593,5,0.593,0
0.11672,1.1206,6.2146e-05,0,0.66895,0.0054525,1,0.594,5,0.594,0
0.11895,1.1205,7.9311e-05,0,0.67007,0.0055662,1,0.595,5,0.595,0
0.12122,1.1203,9.6406e-05,0,0.67119,0.0056826,1,0.596,5,0.596,0
0.12353,1.1202,0.00011343,0,0.67231,0.0058017,1,0.597,5,0.597,0
0.12589,1.12,0.00013039,0,0.67343,0.0059235,1,0.598,5,0.598,0
0.12829,1.1199,0.00014728,0,0.67455,0.006048,1,0.599,5,0.599,0
0.13074,1.1197,0.0001641,0,0.67567,0.0061752,1,0.6,5,0.6,0
0.13324,1.1196,0.00018085,0,0.67679,0.0063051,1,0.601,5,0.601,0
0.13577,1.1194,0.00019753,0,0.67791,0.0064378,1,0.602,5,0.602,0
0.13836,1.1193,0.00021415,0,0.67903,0.0065731,1,0.603,5,0.603,0
0.14099,1.1191,0.00023069,0,0.68015,0.0067111,1,0.604,5,0.604,0
0.14366,1.119,0.00024717,0,0.68127,0.0068519,1,0.605,5,0.605,0
0.14638,1.1188,0.00026357,0,0.68239,0.0069953,1,0.606,5,0.606,0
0.14914,1.1187,0.00027991,0,0.68351,0.0071415,1,0.607,5,0.607,0
0.15194,1.1185,0.00029618,0,0.68463,0.0072903,1,0.608,5,0.608,0
0.1548,1.1184,0.00029138,0,0.68575,0.0074411,1,0.609,5,0.609,0
0.1577,1.1182,0.00028489,0,0.68687,0.0075951,1,0.61,5,0.61,0
0.16065,1.118,0.00027845,0,0.68799,0.0077523,1,0.611,5,0.611,0
0.16366,1.1179,0.00027206,0,0.6891,0.0079126,1,0.612,5,0.612,0
0.16672,1.1177,0.00026573,0,0.69022,0.0080763,1,0.613,5,0.613,0
0.16983,1.1176,0.00025945,0,0.69134,0.0082431,1,0.614,5,0.614,0
0.17299,1.1174,0.00025323,0,0.69246,0.0084132,1,0.615,5,0.615,0
0.1762,1.1172,0.00024705,0,0.69358,0.0085865,1,0.616,5,0.616,0
0.17947,1.1171,0.00024093,0,0.69469,0.008763,1,0.617,5,0.617,0
0.18278,1.1169,0.00023487,0,0.69581,0.0089428,1,0.618,5,0.618,0
0.18615,1.1167,0.00022885,0,0.69693,0.0091257,1,0.619,5,0.619,0
0.18957,1.1166,0.00022289,0,0.69805,0.0093119,1,0.62,5,0.62,0
0.19304,1.1164,0.00021698,0,0.69916,0.0095014,1,0.621,5,0.621,0
0.19657,1.1162,0.00021113,0,0.70028,0.009694,1,0.622,5,0.622,0
0.20014,1.1161,0.00020533,0,0.7014,0.0098899,1,0.623,5,0.623,0
0.20377,1.1159,0.00019958,0,0.70251,0.010089,1,0.624,5,0.624,0
0.20745,1.1157,0.00019388,0,0.70363,0.010291,1,0.625,5,0.625,0
0.21118,1.1155,0.00018824,0,0.70474,0.010497,1,0.626,5,0.626,0
0.21496,1.1154,0.00018265,0,0.70586,0.010706,1,0.627,5,0.627,0
0.21879,1.1152,0.00017712,0,0.70697,0.010918,1,0.628,5,0.628,0
0.22268,1.115,0.00017163,0,0.70809,0.011133,1,0.629,5,0.629,0
0.22661,1.1148,0.0001662,0,0.70921,0.011351,1,0.63,5,0.63,0
0.2306,1.1146,0.00016083,0,0.71032,0.011573,1,0.631,5,0.631,0
0.23464,1.1144,0.0001555,0,0.71143,0.011798,1,0.632,5,0.632,0
0.23873,1.1142,0.00015023,0,0.71255,0.012026,1,0.633,5,0.633,0
0.24287,1.1141,0.00014501,0,0.71366,0.012257,1,0.634,5,0.634,0
0.24707,1.1139,0.00013985,0,0.71478,0.012492,1,0.635,5,0.635,0
0.25132,1.1137,0.00013474,0,0.71589,0.01273,1,0.636,5,0.636,0
0.25561,1.1135,0.00012968,0,0.71701,0.012971,1,0.637,5,0.637,0
0.25996,1.1133,0.00012467,0,0.71812,0.013215,1,0.638,5,0.638,0
0.26437,1.1131,0.00011972,0,0.71923,0.013463,1,0.639,5,0.639,0
0.26882,1.1129,0.00011482,0,0.72035,0.013713,1,0.64,5,0.64,0
0.27332,1.1127,0.00010997,0,0.72146,0.013967,1,0.641,5,0.641,0
0.27788,1.1125,0.00010518,0,0.72257,0.014225,1,0.642,5,0.642,0
0.28249,1.1123,0.00010044,0,0.72368,0.014485,1,0.643,5,0.643,0
0.28715,1.1121,9.5754e-05,0,0.7248,0.014749,1,0.644,5,0.644,0
0.29186,1.1119,9.112e-05,0,0.72591,0.015015,1,0.645,5,0.645,0
0.29662,1.1117,8.6538e-05,0,0.72702,0.015285,1,0.646,5,0.646,0
0.30148,1.1113,7.5653e-05,0,0.72813,0.015561,1,0.647,5,0.647,0
0.30644,1.1109,6.2042e-05,0,0.72924,0.015843,1,0.648,5,0.648,0
0.31149,1.1105,4.8669e-05,0,0.73035,0.016131,1,0.649,5,0.649,0
0.31661,1.1101,3.5533e-05,0,0.73147,0.016425,1,0.65,5,0.65,0
0.32183,1.1097,2.2634e-05,0,0.73258,0.016726,1,0.651,5,0.651,0
0.32713,1.1093,9.9727e-06,0,0.73369,0.017033,1,0.652,5,0.652,0
0.33251,1.1089,-2.4511e-06,0,0.73479,0.017346,1,0.653,5,0.653,0
0.33798,1.1085,-1.4637e-05,0,0.7359,0.017665,1,0.654,5,0.654,0
0.34354,1.1081,-2.6586e-05,0,0.73701,0.01799,1,0.655,5,0.655,0
0.34918,1.1077,-3.8299e-05,0,0.73812,0.018322,1,0.656,5,0.656,0
0.3549,1.1073,-4.9773e-05,0,0.73923,0.01866,1,0.657,5,0.657,0
0.36071,1.1069,-6.101e-05,0,0.74034,0.019004,1,0.658,5,0.658,0
0.36661,1.1065,-7.2009e-05,0,0.74144,0.019354,1,0.659,5,0.659,0
0.37259,1.1062,-8.2772e-05,0,0.74255,0.019711,1,0.66,5,0.66,0
0.37866,1.1058,-9.3297e-05,0,0.74365,0.020074,1,0.661,5,0.661,0
0.38481,1.1054,-0.00010358,0,0.74476,0.020442,1,0.662,5,0.662,0
0.39104,1.105,-0.00011363,0,0.74587,0.020818,1,0.663,5,0.663,0
0.39736,1.1046,-0.00012345,0,0.74697,0.021199,1,0.664,5,0.664,0
0.40377,1.1042,-0.00013302,0,0.74807,0.021587,1,0.665,5,0.665,0
0.41026,1.1038,-0.00014236,0,0.74918,0.02198,1,0.666,5,0.666,0
0.41684,1.1035,-0.00015146,0,0.75028,0.02238,1,0.667,5,0.667,0
0.4235,1.1031,-0.00016033,0,0.75138,0.022787,1,0.668,5,0.668,0
0.43025,1.1027,-0.00016895,0,0.75249,0.023199,1,0.669,5,0.669,0
0.43708,1.1023,-0.00017734,0,0.75359,0.023618,1,0.67,5,0.67,0
0.444,1.1019,-0.00018549,0,0.75469,0.024043,1,0.671,5,0.671,0
0.451,1.1016,-0.0001934,0,0.75579,0.024474,1,0.672,5,0.672,0
0.45809,1.1012,-0.00020108,0,0.75689,0.024911,1,0.673,5,0.673,0
0.46526,1.1008,-0.00020852,0,0.75799,0.025354,1,0.674,5,0.674,0
0.47252,1.1004,-0.00020181,0,0.75909,0.025804,1,0.675,5,0.675,0
0.47986,1.0998,-0.00015709,0,0.76019,0.026258,1,0.676,5,0.676,0
0.4873,1.0992,-0.00011236,0,0.76129,0.026721,1,0.677,5,0.677,0
0.49483,1.0987,-6.7637e-05,0,0.76239,0.027191,1,0.678,5,0.678,0
0.50246,1.0981,-2.2909e-05,0,0.76349,0.027668,1,0.679,5,0.679,0
0.51019,1.0975,2.1815e-05,0,0.76459,0.028152,1,0.68,5,0.68,0
0.51801,1.0969,6.6538e-05,0,0.76568,0.028644,1,0.681,5,0.681,0
0.52593,1.0964,0.00011126,0,0.76678,0.029144,1,0.682,5,0.682,0
0.53394,1.0958,0.00015598,0,0.76788,0.029651,1,0.683,5,0.683,0
0.54205,1.0953,0.00020071,0,0.76897,0.030165,1,0.684,5,0.684,0
0.55025,1.0947,0.00024543,0,0.77007,0.030686,1,0.685,5,0.685,0
0.55855,1.0942,0.00029015,0,0.77116,0.031216,1,0.686,5,0.686,0
0.56694,1.0936,0.00033487,0,0.77226,0.031752,1,0.687,5,0.687,0
0.57543,1.0931,0.00037959,0,0.77335,0.032296,1,0.688,5,0.688,0
0.58402,1.0925,0.0004243,0,0.77444,0.032847,1,0.689,5,0.689,0
0.5927,1.092,0.00046902,0,0.77554,0.033406,1,0.69,5,0.69,0
0.60148,1.0914,0.00051374,0,0.77663,0.033972,1,0.691,5,0.691,0
0.61035,1.0909,0.00055845,0,0.77772,0.034546,1,0.692,5,0.692,0
0.61932,1.0904,0.00060317,0,0.77881,0.035127,1,0.693,5,0.693,0
0.62838,1.0899,0.00064789,0,0.7799,0.035715,1,0.694,5,0.694,0
0.63754,1.0893,0.0006926,0,0.78099,0.036311,1,0.695,5,0.695,0
0.64679,1.0888,0.00073731,0,0.78208,0.036914,1,0.696,5,0.696,0
0.6562,1.088,0.00069261,0,0.78317,0.037529,1,0.697,5,0.697,0
0.66572,1.0872,0.00063594,0,0.78426,0.038154,1,0.698,5,0.698,0
0.67536,1.0865,0.00057717,0,0.78534,0.038789,1,0.699,5,0.699,0
0.68511,1.0857,0.0005163,0,0.78643,0.039433,1,0.7,5,0.7,0
0.69498,1.0849,0.00045333,0,0.78751,0.040088,1,0.701,5,0.701,0
0.70496,1.0841,0.00038826,0,0.7886,0.040752,1,0.702,5,0.702,0
0.71506,1.0834,0.0003211,0,0.78968,0.041426,1,0.703,5,0.703,0
0.72527,1.0826,0.00025184,0,0.79077,0.042111,1,0.704,5,0.704,0
0.7356,1.0819,0.00018048,0,0.79185,0.042805,1,0.705,5,0.705,0
0.74604,1.0811,0.00010702,0,0.79293,0.043509,1,0.706,5,0.706,0
0.75659,1.0804,3.1458e-05,0,0.79401,0.044223,1,0.707,5,0.707,0
0.76726,1.0797,-4.6196e-05,0,0.79509,0.044947,1,0.708,5,0.708,0
0.77804,1.0789,-0.00012595,0,0.79617,0.045681,1,0.709,5,0.709,0
0.78894,1.0782,-0.0002078,0,0.79725,0.046425,1,0.71,5,0.71,0
0.79996,1.0775,-0.00029175,0,0.79833,0.047179,1,0.711,5,0.711,0
0.81108,1.0768,-0.0003778,0,0.79941,0.047942,1,0.712,5,0.712,0
0.82233,1.0761,-0.00046595,0,0.80048,0.048716,1,0.713,5,0.713,0
0.83368,1.0754,-0.00055619,0,0.80156,0.049499,1,0.714,5,0.714,0
0.84515,1.0748,-0.00064853,0,0.80263,0.050293,1,0.715,5,0.715,0
0.85674,1.0741,-0.00074298,0,0.80371,0.051096,1,0.716,5,0.716,0
0.86844,1.0732,-0.00074987,0,0.80478,0.051905,1,0.717,5,0.717,0
0.88027,1.0721,-0.00070283,0,0.80585,0.052725,1,0.718,5,0.718,0
0.89222,1.071,-0.00065308,0,0.80693,0.053557,1,0.719,5,0.719,0
0.9043,1.0699,-0.00060061,0,0.808,0.054401,1,0.72,5,0.72,0
0.9165,1.0689,-0.00054542,0,0.80907,0.055258,1,0.721,5,0.721,0
0.92883,1.0678,-0.00048753,0,0.81014,0.056128,1,0.722,5,0.722,0
0.94129,1.0668,-0.00042692,0,0.8112,0.05701,1,0.723,5,0.723,0
0.95388,1.0657,-0.0003636,0,0.81227,0.057904,1,0.724,5,0.724,0
0.96659,1.0647,-0.00029756,0,0.81334,0.058811,1,0.725,5,0.725,0
0.97943,1.0636,-0.00022881,0,0.8144,0.059731,1,0.726,5,0.726,0
0.9924,1.0626,-0.00015734,0,0.81547,0.060663,1,0.727,5,0.727,0
1.0055,1.0616,-8.3162e-05,0,0.81653,0.061607,1,0.728,5,0.728,0
1.0187,1.0605,-6.2702e-06,0,0.81759,0.062564,1,0.729,5,0.729,0
1.0321,1.0595,7.3341e-05,0,0.81865,0.063534,1,0.73,5,0.73,0
1.0455,1.0585,0.00015566,0,0.81971,0.064516,1,0.731,5,0.731,0
1.0591,1.0575,0.00024069,0,0.82077,0.065511,1,0.732,5,0.732,0
1.0729,1.0565,0.00032844,0,0.82182,0.066518,1,0.733,5,0.733,0
1.0867,1.0555,0.00041891,0,0.82288,0.067538,1,0.734,5,0.734,0
1.1007,1.0545,0.00051208,0,0.82394,0.06857,1,0.735,5,0.735,0
1.1148,1.0535,0.00060797,0,0.82499,0.069615,1,0.736,5,0.736,0
1.129,1.0525,0.00070657,0,0.82604,0.070672,1,0.737,5,0.737,0
1.1434,1.0515,0.00080789,0,0.8271,0.071742,1,0.738,5,0.738,0
1.1579,1.0506,0.00091193,0,0.82815,0.072824,1,0.739,5,0.739,0
1.1725,1.0496,0.0010187,0,0.8292,0.073919,1,0.74,5,0.74,0
1.1872,1.0486,0.0011281,0,0.83025,0.075026,1,0.741,5,0.741,0
1.2021,1.0477,0.0012403,0,0.83129,0.076146,1,0.742,5,0.742,0
1.2171,1.0467,0.0013552,0,0.83234,0.077278,1,0.743,5,0.743,0
1.2322,1.0458,0.0014728,0,0.83339,0.078423,1,0.744,5,0.744,0
1.2475,1.0443,0.0013778,0,0.83443,0.079578,1,0.745,5,0.745,0
1.263,1.0428,0.0012628,0,0.83548,0.080748,1,0.746,5,0.746,0
1.2785,1.0413,0.00115,0,0.83652,0.081934,1,0.747,5,0.747,0
1.2942,1.0397,0.0010393,0,0.83756,0.083137,1,0.748,5,0.748,0
1.3101,1.0382,0.00093091,0,0.8386,0.084355,1,0.749,5,0.749,0
1.326,1.0367,0.0008247,0,0.83964,0.08559,1,0.75,5,0.75,0
1.3421,1.0352,0.00072068,0,0.84067,0.086841,1,0.751,5,0.751,0
1.3583,1.0337,0.00061886,0,0.84171,0.088108,1,0.752,5,0.752,0
1.3747,1.0322,0.00051924,0,0.84274,0.089391,1,0.753,5,0.753,0
1.3912,1.0307,0.00042183,0,0.84378,0.09069,1,0.754,5,0.754,0
1.4078,1.0292,0.00032661,0,0.84481,0.092006,1,0.755,5,0.755,0
1.4246,1.0276,0.0002336,0,0.84583,0.093337,1,0.756,5,0.756,0
1.4415,1.0261,0.00014278,0,0.84686,0.094685,1,0.757,5,0.757,0
1.4585,1.0246,5.4172e-05,0,0.84789,0.096049,1,0.758,5,0.758,0
1.4756,1.0231,-3.2238e-05,0,0.84891,0.097429,1,0.759,5,0.759,0
1.4929,1.0216,-0.00011645,0,0.84993,0.098825,1,0.76,5,0.76,0
1.5103,1.0201,-0.00019846,0,0.85096,0.10024,1,0.761,5,0.761,0
1.5279,1.0186,-0.00027827,0,0.85197,0.10167,1,0.762,5,0.762,0
1.5455,1.0172,-0.00035588,0,0.85299,0.10311,1,0.763,5,0.763,0
1.5634,1.0157,-0.00043129,0,0.85401,0.10457,1,0.764,5,0.764,0
1.5813,1.0142,-0.00050449,0,0.85502,0.10605,1,0.765,5,0.765,0
1.5994,1.0127,-0.0005755,0,0.85604,0.10754,1,0.766,5,0.766,0
1.6176,1.0112,-0.00064431,0,0.85705,0.10905,1,0.767,5,0.767,0
1.6359,1.0097,-0.00071091,0,0.85806,0.11058,1,0.768,5,0.768,0
1.6544,1.0082,-0.00077531,0,0.85907,0.11212,1,0.769,5,0.769,0
1.673,1.0067,-0.00083752,0,0.86008,0.11367,1,0.77,5,0.77,0
1.6917,1.0053,-0.00089752,0,0.86108,0.11525,1,0.771,5,0.771,0
1.7106,1.0038,-0.00095532,0,0.86208,0.11684,1,0.772,5,0.772,0
1.7296,1.0023,-0.0010109,0,0.86309,0.11844,1,0.773,5,0.773,0
1.7487,1.0008,-0.0010643,0,0.86409,0.12007,1,0.774,5,0.774,0
1.768,0.99935,-0.0011155,0,0.86509,0.12171,1,0.775,5,0.775,0
1.7874,0.99788,-0.0011645,0,0.86609,0.12336,1,0.776,5,0.776,0
1.8069,0.99641,-0.0012113,0,0.86708,0.12503,1,0.777,5,0.777,0
1.8266,0.99494,-0.0012559,0,0.86808,0.12672,1,0.778,5,0.778,0
1.8463,0.99347,-0.0012983,0,0.86907,0.12842,1,0.779,5,0.779,0
1.8663,0.992,-0.0013385,0,0.87006,0.13014,1,0.78,5,0.78,0
1.8863,0.99054,-0.0013765,0,0.87105,0.13188,1,0.781,5,0.781,0
1.9065,0.98907,-0.0014123,0,0.87204,0.13363,1,0.782,5,0.782,0
1.9269,0.98717,-0.0013097,0,0.87303,0.1354,1,0.783,5,0.783,0
1.9474,0.98507,-0.001148,0,0.87401,0.13719,1,0.784,5,0.784,0
1.968,0.98296,-0.00098563,0,0.87499,0.139,1,0.785,5,0.785,0
1.9888,0.98085,-0.00082255,0,0.87597,0.14083,1,0.786,5,0.786,0
2.0096,0.97873,-0.00065878,0,0.87695,0.14268,1,0.787,5,0.787,0
2.0306,0.97661,-0.00049431,0,0.87793,0.14455,1,0.788,5,0.788,0
2.0517,0.97448,-0.00032915,0,0.8789,0.14644,1,0.789,5,0.789,0
2.0729,0.97235,-0.00016329,0,0.87987,0.14835,1,0.79,5,0.79,0
2.0943,0.97021,3.2558e-06,0,0.88084,0.15028,1,0.791,5,0.791,0
2.1157,0.96807,0.0001705,0,0.88181,0.15223,1,0.792,5,0.792,0
2.1373,0.96592,0.00033843,0,0.88277,0.1542,1,0.793,5,0.793,0
2.159,0.96377,0.00050707,0,0.88373,0.15618,1,0.794,5,0.794,0
2.1808,0.96161,0.00067639,0,0.88469,0.15819,1,0.795,5,0.795,0
2.2027,0.95945,0.0008464,0,0.88565,0.16021,1,0.796,5,0.796,0
2.2247,0.95728,0.0010171,0,0.88661,0.16226,1,0.797,5,0.797,0
2.2469,0.95511,0.0011885,0,0.88756,0.16432,1,0.798,5,0.798,0
2.2692,0.95264,0.001265,0,0.88851,0.16641,1,0.799,5,0.799,0
2.2917,0.9499,0.0012535,0,0.88947,0.16851,1,0.8,5,0.8,0
2.3143,0.94716,0.0012388,0,0.89041,0.17064,1,0.801,5,0.801,0
2.3369,0.94443,0.0012209,0,0.89136,0.17279,1,0.802,5,0.802,0
2.3597,0.9417,0.0011999,0,0.8923,0.17496,1,0.803,5,0.803,0
2.3826,0.93898,0.0011757,0,0.89324,0.17715,1,0.804,5,0.804,0
2.4055,0.93626,0.0011484,0,0.89418,0.17937,1,0.805,5,0.805,0
2.4286,0.93354,0.0011179,0,0.89511,0.1816,1,0.806,5,0.806,0
2.4517,0.93083,0.0010843,0,0.89604,0.18386,1,0.807,5,0.807,0
2.475,0.92812,0.0010474,0,0.89697,0.18613,1,0.808,5,0.808,0
2.4983,0.92542,0.0010075,0,0.8979,0.18843,1,0.809,5,0.809,0
2.5218,0.92272,0.00096435,0,0.89882,0.19075,1,0.81,5,0.81,0
2.5453,0.92002,0.00091807,0,0.89974,0.19309,1,0.811,5,0.811,0
2.569,0.91733,0.00086863,0,0.90066,0.19545,1,0.812,5,0.812,0
2.5927,0.91464,0.00081602,0,0.90158,0.19784,1,0.813,5,0.813,0
2.6165,0.91196,0.00076027,0,0.90249,0.20024,1,0.814,5,0.814,0
2.6404,0.90928,0.00070135,0,0.9034,0.20267,1,0.815,5,0.815,0
2.6645,0.9066,0.00063928,0,0.90431,0.20512,1,0.816,5,0.816,0
2.6886,0.90393,0.00057405,0,0.90522,0.20758,1,0.817,5,0.817,0
2.7128,0.90126,0.00050565,0,0.90612,0.21007,1,0.818,5,0.818,0
2.7371,0.8986,0.00043411,0,0.90702,0.21259,1,0.819,5,0.819,0
2.7615,0.89594,0.0003594,0,0.90792,0.21512,1,0.82,5,0.82,0
2.786,0.89328,0.00028154,0,0.90881,0.21767,1,0.821,5,0.821,0
2.8106,0.89063,0.00020051,0,0.9097,0.22025,1,0.822,5,0.822,0
2.8353,0.88798,0.00011633,0,0.91059,0.22284,1,0.823,5,0.823,0
2.8601,0.88534,2.8992e-05,0,0.91148,0.22546,1,0.824,5,0.824,0
2.8849,0.8827,-6.1504e-05,0,0.91236,0.2281,1,0.825,5,0.825,0
2.9099,0.88006,-0.00015516,0,0.91324,0.23076,1,0.826,5,0.826,0
2.935,0.87743,-0.00025198,0,0.91412,0.23344,1,0.827,5,0.827,0
2.9602,0.8748,-0.00035195,0,0.915,0.23614,1,0.828,5,0.828,0
2.9854,0.87218,-0.00045508,0,0.91587,0.23886,1,0.829,5,0.829,0
3.0108,0.86956,-0.00056136,0,0.91674,0.24161,1,0.83,5,0.83,0
3.0363,0.86694,-0.00067081,0,0.91761,0.24438,1,0.831,5,0.831,0
3.0618,0.86433,-0.00078342,0,0.91847,0.24716,1,0.832,5,0.832,0
3.0875,0.86172,-0.00089918,0,0.91934,0.24997,1,0.833,5,0.833,0
3.1132,0.85912,-0.0010181,0,0.9202,0.2528,1,0.834,5,0.834,0
3.139,0.85652,-0.0011402,0,0.92105,0.25565,1,0.835,5,0.835,0
3.165,0.85392,-0.0012654,0,0.92191,0.25853,1,0.836,5,0.836,0
3.191,0.85133,-0.0013938,0,0.92276,0.26142,1,0.837,5,0.837,0
3.2171,0.84875,-0.0015254,0,0.92361,0.26433,1,0.838,5,0.838,0
3.2435,0.84492,-0.0014061,0,0.92446,0.26728,1,0.839,5,0.839,0
3.2698,0.84105,-0.0012803,0,0.9253,0.27025,1,0.84,5,0.84,0
3.2962,0.83718,-0.0011576,0,0.92614,0.27325,1,0.841,5,0.841,0
3.3226,0.83331,-0.0010379,0,0.92697,0.27626,1,0.842,5,0.842,0
3.349,0.82945,-0.00092131,0,0.9278,0.2793,1,0.843,5,0.843,0
3.3754,0.82559,-0.00080776,0,0.92863,0.28236,1,0.844,5,0.844,0
3.4018,0.82173,-0.00069726,0,0.92945,0.28545,1,0.845,5,0.845,0
3.4282,0.81788,-0.00058983,0,0.93027,0.28855,1,0.846,5,0.846,0
3.4547,0.81403,-0.00048545,0,0.93109,0.29168,1,0.847,5,0.847,0
3.4811,0.81018,-0.00038414,0,0.9319,0.29484,1,0.848,5,0.848,0
3.5076,0.80634,-0.00028589,0,0.93271,0.29801,1,0.849,5,0.849,0
3.5341,0.8025,-0.0001907,0,0.93351,0.30121,1,0.85,5,0.85,0
3.5606,0.79866,-9.8564e-05,0,0.93431,0.30443,1,0.851,5,0.851,0
3.5871,0.79482,-9.4939e-06,0,0.93511,0.30767,1,0.852,5,0.852,0
3.6136,0.79099,7.6516e-05,0,0.9359,0.31094,1,0.853,5,0.853,0
3.6401,0.78716,0.00015947,0,0.93669,0.31423,1,0.854,5,0.854,0
3.6667,0.78333,0.00023936,0,0.93748,0.31754,1,0.855,5,0.855,0
3.6933,0.77951,0.00031619,0,0.93826,0.32087,1,0.856,5,0.856,0
3.7198,0.77569,0.00038996,0,0.93904,0.32423,1,0.857,5,0.857,0
3.7464,0.77187,0.00046067,0,0.93981,0.32761,1,0.858,5,0.858,0
3.773,0.76806,0.00052832,0,0.94058,0.33101,1,0.859,5,0.859,0
3.7997,0.76424,0.00059291,0,0.94135,0.33444,1,0.86,5,0.86,0
3.8263,0.76043,0.00065444,0,0.94211,0.33789,1,0.861,5,0.861,0
3.8529,0.75663,0.00071291,0,0.94287,0.34136,1,0.862,5,0.862,0
3.8796,0.75283,0.00076832,0,0.94362,0.34485,1,0.863,5,0.863,0
3.9063,0.74903,0.00082067,0,0.94437,0.34837,1,0.864,5,0.864,0
3.933,0.74523,0.00086996,0,0.94512,0.35191,1,0.865,5,0.865,0
3.9597,0.74143,0.00091618,0,0.94587,0.35547,1,0.866,5,0.866,0
3.9864,0.73764,0.00095935,0,0.9466,0.35906,1,0.867,5,0.867,0
4.0131,0.73386,0.00099946,0,0.94734,0.36266,1,0.868,5,0.868,0
4.0399,0.73007,0.0010365,0,0.94807,0.36629,1,0.869,5,0.869,0
4.0666,0.72629,0.0010705,0,0.9488,0.36995,1,0.87,5,0.87,0
4.0934,0.72251,0.0011014,0,0.94953,0.37362,1,0.871,5,0.871,0
4.1202,0.71873,0.0011293,0,0.95025,0.37732,1,0.872,5,0.872,0
4.147,0.71496,0.0011541,0,0.95096,0.38104,1,0.873,5,0.873,0
4.1738,0.71108,0.0011431,0,0.95168,0.38479,1,0.874,5,0.874,0
4.2005,0.70694,0.0010524,0,0.95238,0.38856,1,0.875,5,0.875,0
4.2273,0.70281,0.00096001,0,0.95309,0.39235,1,0.876,5,0.876,0
4.254,0.6987,0.00086586,0,0.95379,0.39616,1,0.877,5,0.877,0
4.2808,0.6946,0.00076997,0,0.95448,0.4,1,0.878,5,0.878,0
4.3076,0.69052,0.00067233,0,0.95518,0.40386,1,0.879,5,0.879,0
4.3343,0.68645,0.00057296,0,0.95586,0.40775,1,0.88,5,0.88,0
4.3611,0.68239,0.00047184,0,0.95655,0.41165,1,0.881,5,0.881,0
4.3878,0.67835,0.00036898,0,0.95723,0.41558,1,0.882,5,0.882,0
4.4145,0.67432,0.00026438,0,0.9579,0.41953,1,0.883,5,0.883,0
4.4413,0.6703,0.00015805,0,0.95858,0.42351,1,0.884,5,0.884,0
4.468,0.6663,4.9965e-05,0,0.95924,0.4275,1,0.885,5,0.885,0
4.4947,0.66231,-5.9856e-05,0,0.95991,0.43152,1,0.886,5,0.886,0
4.5215,0.65834,-0.00017143,0,0.96057,0.43556,1,0.887,5,0.887,0
4.5482,0.65438,-0.00028473,0,0.96122,0.43963,1,0.888,5,0.888,0
4.575,0.64958,-0.00029077,0,0.96188,0.44374,1,0.889,5,0.889,0
4.6019,0.64448,-0.00025892,0,0.96253,0.44787,1,0.89,5,0.89,0
4.6285,0.6394,-0.00022746,0,0.96317,0.45203,1,0.891,5,0.891,0
4.6551,0.63431,-0.00019641,0,0.96381,0.4562,1,0.892,5,0.892,0
4.6816,0.62923,-0.00016576,0,0.96444,0.46039,1,0.893,5,0.893,0
4.7079,0.62415,-0.00013551,0,0.96507,0.4646,1,0.894,5,0.894,0
4.7341,0.61908,-0.00010566,0,0.96569,0.46883,1,0.895,5,0.895,0
4.7602,0.61401,-7.6216e-05,0,0.9663,0.47308,1,0.896,5,0.896,0
4.7861,0.60894,-4.7174e-05,0,0.96692,0.47734,1,0.897,5,0.897,0
4.8119,0.60388,-1.8535e-05,0,0.96752,0.48162,1,0.898,5,0.898,0
4.8376,0.59883,9.7021e-06,0,0.96812,0.48593,1,0.899,5,0.899,0
4.8632,0.59377,3.7537e-05,0,0.96872,0.49025,1,0.9,5,0.9,0
4.8887,0.58873,6.4971e-05,0,0.96931,0.49459,1,0.901,5,0.901,0
4.914,0.58368,9.2001e-05,0,0.96989,0.49895,1,0.902,5,0.902,0
4.9392,0.57864,0.00011863,0,0.97047,0.50332,1,0.903,5,0.903,0
4.9643,0.57358,0.00014329,0,0.97105,0.50772,1,0.904,5,0.904,0
4.9891,0.5683,0.00015248,0,0.97162,0.51213,1,0.905,5,0.905,0
5.0138,0.56302,0.00016078,0,0.97218,0.51656,1,0.906,5,0.906,0
5.0384,0.55773,0.00016821,0,0.97274,0.52101,1,0.907,5,0.907,0
5.0628,0.55245,0.00017475,0,0.97329,0.52547,1,0.908,5,0.908,0
5.0871,0.54717,0.0001804,0,0.97384,0.52996,1,0.909,5,0.909,0
5.1113,0.54188,0.00018518,0,0.97438,0.53447,1,0.91,5,0.91,0
5.1354,0.5366,0.00018907,0,0.97492,0.53899,1,0.911,5,0.911,0
5.1593,0.53131,0.00019209,0,0.97546,0.54353,1,0.912,5,0.912,0
5.1831,0.52603,0.00019421,0,0.97598,0.54809,1,0.913,5,0.913,0
5.2068,0.52074,0.00019546,0,0.9765,0.55268,1,0.914,5,0.914,0
5.2304,0.51546,0.00019583,0,0.97702,0.55728,1,0.915,5,0.915,0
5.2538,0.51017,0.00019531,0,0.97753,0.56189,1,0.916,5,0.916,0
5.2771,0.50488,0.00019391,0,0.97804,0.56653,1,0.917,5,0.917,0
5.3003,0.4996,0.00019163,0,0.97854,0.57119,1,0.918,5,0.918,0
5.3234,0.49431,0.00018847,0,0.97904,0.57586,1,0.919,5,0.919,0
5.3463,0.48902,0.00018442,0,0.97953,0.58056,1,0.92,5,0.92,0
5.3691,0.48373,0.00017949,0,0.98001,0.58527,1,0.921,5,0.921,0
5.3918,0.47844,0.00017368,0,0.98049,0.59,1,0.922,5,0.922,0
5.4143,0.47315,0.00016699,0,0.98097,0.59475,1,0.923,5,0.923,0
5.4368,0.46786,0.00015942,0,0.98144,0.59952,1,0.924,5,0.924,0
5.4591,0.46257,0.00015096,0,0.9819,0.60431,1,0.925,5,0.925,0
5.4813,0.45728,0.00014162,0,0.98236,0.60912,1,0.926,5,0.926,0
5.5033,0.45199,0.0001314,0,0.98282,0.61394,1,0.927,5,0.927,0
5.5252,0.4467,0.0001203,0,0.98327,0.61879,1,0.928,5,0.928,0
5.547,0.44141,0.00010831,0,0.98371,0.62365,1,0.929,5,0.929,0
5.5687,0.43612,9.5445e-05,0,0.98415,0.62854,1,0.93,5,0.93,0
5.5903,0.43082,8.1696e-05,0,0.98458,0.63344,1,0.931,5,0.931,0
5.6117,0.42553,6.7064e-05,0,0.98501,0.63836,1,0.932,5,0.932,0
5.633,0.42023,5.155e-05,0,0.98543,0.6433,1,0.933,5,0.933,0
5.6542,0.41494,3.5154e-05,0,0.98585,0.64826,1,0.934,5,0.934,0
5.6753,0.40965,1.7876e-05,0,0.98626,0.65324,1,0.935,5,0.935,0
5.6962,0.40435,-2.8386e-07,0,0.98667,0.65823,1,0.936,5,0.936,0
5.717,0.39906,-1.9326e-05,0,0.98707,0.66325,1,0.937,5,0.937,0
5.7377,0.39376,-3.9252e-05,0,0.98747,0.66828,1,0.938,5,0.938,0
5.7582,0.38846,-6.0058e-05,0,0.98786,0.67333,1,0.939,5,0.939,0
5.7786,0.38317,-8.1747e-05,0,0.98825,0.6784,1,0.94,5,0.94,0
5.7989,0.37787,-0.00010432,0,0.98863,0.6835,1,0.941,5,0.941,0
5.8191,0.37257,-0.00012777,0,0.98901,0.6886,1,0.942,5,0.942,0
5.842,0.36659,-0.00011983,0,0.98937,0.69375,1,0.943,5,0.943,0
5.8649,0.36048,-0.00010647,0,0.98974,0.69891,1,0.944,5,0.944,0
5.8872,0.35436,-9.3513e-05,0,0.99009,0.70408,1,0.945,5,0.945,0
5.9091,0.34823,-8.0956e-05,0,0.99044,0.70925,1,0.946,5,0.946,0
5.9304,0.34208,-6.8801e-05,0,0.99078,0.71444,1,0.947,5,0.947,0
5.9512,0.33593,-5.7049e-05,0,0.99112,0.71963,1,0.948,5,0.948,0
5.9714,0.32976,-4.5699e-05,0,0.99145,0.72482,1,0.949,5,0.949,0
5.9911,0.32358,-3.475e-05,0,0.99178,0.73003,1,0.95,5,0.95,0
6.0103,0.31739,-2.4204e-05,0,0.9921,0.73524,1,0.951,5,0.951,0
6.029,0.31119,-1.406e-05,0,0.99241,0.74046,1,0.952,5,0.952,0
6.0472,0.30497,-4.3178e-06,0,0.99271,0.74569,1,0.953,5,0.953,0
6.0648,0.29875,5.022e-06,0,0.99301,0.75093,1,0.954,5,0.954,0
6.0819,0.29251,1.396e-05,0,0.99331,0.75617,1,0.955,5,0.955,0
6.0985,0.28626,2.2495e-05,0,0.99359,0.76142,1,0.956,5,0.956,0
6.1145,0.28,3.0629e-05,0,0.99387,0.76668,1,0.957,5,0.957,0
6.1301,0.27373,3.8361e-05,0,0.99415,0.77195,1,0.958,5,0.958,0
6.1451,0.26745,4.569e-05,0,0.99442,0.77722,1,0.959,5,0.959,0
6.1596,0.26116,5.2618e-05,0,0.99468,0.7825,1,0.96,5,0.96,0
6.1735,0.25485,5.9143e-05,0,0.99493,0.78779,1,0.961,5,0.961,0
6.1869,0.24853,6.5266e-05,0,0.99518,0.79309,1,0.962,5,0.962,0
6.1998,0.2422,7.0988e-05,0,0.99542,0.79839,1,0.963,5,0.963,0
6.2122,0.23586,7.6307e-05,0,0.99566,0.8037,1,0.964,5,0.964,0
6.2241,0.22951,8.1223e-05,0,0.99589,0.80902,1,0.965,5,0.965,0
6.2354,0.22315,8.5739e-05,0,0.99612,0.81435,1,0.966,5,0.966,0
6.2462,0.21678,8.9851e-05,0,0.99633,0.81968,1,0.967,5,0.967,0
6.2565,0.21039,9.3562e-05,0,0.99655,0.82503,1,0.968,5,0.968,0
6.2662,0.20399,9.687e-05,0,0.99675,0.83038,1,0.969,5,0.969,0
6.2754,0.19758,9.9777e-05,0,0.99695,0.83573,1,0.97,5,0.97,0
6.2841,0.19117,0.00010228,0,0.99714,0.8411,1,0.971,5,0.971,0
6.2923,0.18473,0.00010438,0,0.99733,0.84647,1,0.972,5,0.972,0
6.3,0.17829,0.00010608,0,0.99751,0.85185,1,0.973,5,0.973,0
6.3071,0.17184,0.00010738,0,0.99768,0.85724,1,0.974,5,0.974,0
6.3137,0.16537,0.00010828,0,0.99785,0.86264,1,0.975,5,0.975,0
6.3198,0.15889,0.00010877,0,0.99801,0.86804,1,0.976,5,0.976,0
6.3253,0.1524,0.00010886,0,0.99817,0.87345,1,0.977,5,0.977,0
6.3303,0.1459,0.00010855,0,0.99832,0.87887,1,0.978,5,0.978,0
6.3348,0.13939,0.00010784,0,0.99846,0.88429,1,0.979,5,0.979,0
6.3388,0.13287,0.00010673,0,0.99859,0.88973,1,0.98,5,0.98,0
6.3422,0.12633,0.00010521,0,0.99872,0.89517,1,0.981,5,0.981,0
6.3452,0.11979,0.00010329,0,0.99885,0.90062,1,0.982,5,0.982,0
6.3475,0.11323,0.00010097,0,0.99896,0.90608,1,0.983,5,0.983,0
6.3494,0.10666,9.8248e-05,0,0.99908,0.91154,1,0.984,5,0.984,0
6.3508,0.10008,9.5124e-05,0,0.99918,0.91701,1,0.985,5,0.985,0
6.3516,0.09349,9.1597e-05,0,0.99928,0.92249,1,0.986,5,0.986,0
6.3519,0.086886,8.7668e-05,0,0.99937,0.92798,1,0.987,5,0.987,0
6.3516,0.080272,8.3337e-05,0,0.99946,0.93347,1,0.988,5,0.988,0
6.3509,0.073645,7.8603e-05,0,0.99954,0.93897,1,0.989,5,0.989,0
6.3496,0.067007,7.3468e-05,0,0.99961,0.94448,1,0.99,5,0.99,0
6.3478,0.060358,6.7931e-05,0,0.99968,0.95,1,0.991,5,0.991,0
6.3455,0.053698,6.1991e-05,0,0.99974,0.95553,1,0.992,5,0.992,0
6.3426,0.047026,5.565e-05,0,0.99979,0.96106,1,0.993,5,0.993,0
6.3392,0.040342,4.8906e-05,0,0.99984,0.9666,1,0.994,5,0.994,0
6.3353,0.033647,4.176e-05,0,0.99988,0.97215,1,0.995,5,0.995,0
6.3309,0.026941,3.4212e-05,0,0.99992,0.9777,1,0.996,5,0.996,0
6.3259,0.020223,2.6263e-05,0,0.99995,0.98327,1,0.997,5,0.997,0
6.3204,0.013493,1.791e-05,0,0.99997,0.98884,1,0.998,5,0.998,0
6.3144,0.0067522,9.1561e-06,0,0.99999,0.99441,1,0.999,5,0.999,0
6.3079,0,0,0,1,1,1,1,5,1,0
